CustomerID,OrderID,Product,Quantity,UnitPrice,PurchaseDate,Country,Total
1991,5000,Monitor,7,422.24,2022-06-07,UK,2955.6800000000003
1187,5001,Printer,6,176.31,2022-07-03,France,1057.8600000000001
1342,5002,Keyboard,8,375.93,2022-01-22,Germany,3007.44
1935,5003,Laptop,8,212.27,2022-09-29,India,1698.16
1698,5004,Gaming Console,4,117.79,2022-07-28,Japan,471.16
1730,5005,Smartphone,3,20.57,2022-12-29,Canada,61.71
1052,5006,Smartphone,4,479.16,2022-07-07,France,1916.64
1951,5007,Tablet,6,491.62,2022-08-25,Japan,2949.7200000000003
1809,5008,Tablet,4,19.44,2022-10-22,Japan,77.76
1294,5009,Monitor,3,354.23,2022-12-04,Japan,1062.69
1862,5010,Keyboard,3,450.92,2022-08-08,USA,1352.76
1316,5011,Mouse,9,394.28,2022-12-02,USA,3548.5199999999995
1271,5012,Headphones,3,481.26,2022-01-31,USA,1443.78
1134,5013,Keyboard,1,392.94,2022-09-22,India,392.94
1930,5014,Smartphone,4,359.09,2022-12-09,France,1436.36
1525,5015,Monitor,8,35.9,2022-07-25,Germany,287.2
1910,5016,Smartphone,1,329.07,2022-11-29,Japan,329.07
1246,5017,Keyboard,7,51.48,2022-07-16,Australia,360.35999999999996
1079,5018,Smartwatch,2,173.66,2022-03-15,Germany,347.32
1989,5019,Headphones,5,9.61,2022-03-31,Australia,48.05
1891,5020,Printer,2,111.19,2022-08-08,UK,222.38
1863,5021,Keyboard,7,418.96,2022-04-15,Australia,2932.72
1978,5022,Smartphone,5,48.14,2022-05-28,UK,240.7
1119,5023,Tablet,10,312.25,2022-09-13,Germany,3122.5
1122,5024,Tablet,5,159.36,2022-12-04,India,796.8000000000001
1669,5025,Tablet,5,499.54,2022-10-31,Germany,2497.7000000000003
1602,5026,Printer,9,154.88,2022-07-09,France,1393.92
1261,5027,Headphones,8,35.09,2022-07-30,USA,280.72
1231,5028,Monitor,6,363.94,2022-03-26,USA,2183.64
1476,5029,Smartwatch,7,356.2,2022-10-03,France,2493.4
1087,5030,Monitor,5,265.7,2022-06-08,Germany,1328.5
1557,5031,Smartphone,1,281.85,2022-09-06,France,281.85
1455,5032,Printer,2,308.08,2022-12-01,Germany,616.16
1084,5033,Headphones,6,442.84,2022-03-07,India,2657.04
1004,5034,Laptop,7,133.76,2022-09-19,Japan,936.3199999999999
1059,5035,Printer,6,334.03,2022-04-07,France,2004.1799999999998
1871,5036,Monitor,9,408.97,2022-01-07,UK,3680.7300000000005
1471,5037,Laptop,1,327.51,2022-09-25,USA,327.51
1011,5038,Smartwatch,2,279.02,2022-02-13,India,558.04
1188,5039,Tablet,10,340.99,2022-04-26,France,3409.9
1081,5040,Gaming Console,4,267.85,2022-07-10,India,1071.4
1856,5041,Keyboard,9,170.04,2022-05-17,Germany,1530.36
1538,5042,Headphones,7,316.39,2022-03-20,India,2214.73
1600,5043,Printer,1,297.43,2022-12-10,Canada,297.43
1061,5044,Headphones,8,98.84,2022-06-20,Canada,790.72
1809,5045,Headphones,5,388.71,2022-02-04,Australia,1943.55
1359,5046,Keyboard,5,206.35,2022-01-15,France,1031.75
1300,5047,Laptop,8,215.49,2022-04-14,Germany,1723.92
1397,5048,Printer,3,271.21,2022-04-27,USA,813.6299999999999
1641,5049,Printer,8,497.8,2022-02-17,Germany,3982.4
1411,5050,Gaming Console,3,252.1,2022-04-02,Australia,756.3
1518,5051,Printer,9,300.53,2022-06-08,Japan,2704.7699999999995
1902,5052,Smartwatch,9,115.0,2022-08-14,UK,1035.0
1003,5053,Keyboard,1,49.59,2022-05-26,Australia,49.59
1070,5054,Smartphone,2,264.08,2022-11-03,Germany,528.16
1204,5055,Smartphone,8,23.54,2022-06-17,Germany,188.32
1407,5056,Smartphone,5,326.69,2022-06-05,Germany,1633.45
1487,5057,Tablet,2,489.28,2022-03-06,Canada,978.56
1386,5058,Smartwatch,3,119.59,2022-06-30,UK,358.77
1370,5059,Printer,4,36.12,2022-08-20,India,144.48
1615,5060,Monitor,2,474.64,2022-01-22,Australia,949.28
1492,5061,Smartphone,10,218.93,2022-07-22,Japan,2189.3
1892,5062,Gaming Console,5,417.03,2022-05-31,Germany,2085.1499999999996
1823,5063,Headphones,9,330.64,2022-07-19,France,2975.7599999999998
1248,5064,Laptop,3,391.71,2022-05-19,Japan,1175.1299999999999
1407,5065,Mouse,9,361.73,2022-06-08,Canada,3255.57
1820,5066,Printer,4,284.97,2022-10-20,USA,1139.88
1828,5067,Keyboard,2,253.86,2022-07-31,Japan,507.72
1920,5068,Tablet,5,366.38,2022-02-18,USA,1831.9
1923,5069,Headphones,9,82.24,2022-01-06,UK,740.16
1987,5070,Smartwatch,3,408.79,2022-10-27,Japan,1226.3700000000001
1907,5071,Gaming Console,6,246.98,2022-09-21,Australia,1481.8799999999999
1248,5072,Smartwatch,1,339.4,2022-02-02,USA,339.4
1473,5073,Gaming Console,6,352.12,2022-12-17,India,2112.7200000000003
1283,5074,Smartphone,3,61.04,2022-12-08,Japan,183.12
1679,5075,Headphones,6,112.82,2022-01-23,Germany,676.92
1609,5076,Smartphone,5,10.77,2022-01-30,USA,53.849999999999994
1425,5077,Printer,4,166.43,2022-12-29,USA,665.72
1746,5078,Headphones,2,434.27,2022-12-04,UK,868.54
1339,5079,Headphones,3,484.82,2022-05-15,USA,1454.46
1297,5080,Gaming Console,8,497.2,2022-07-07,USA,3977.6
1177,5081,Monitor,5,208.35,2022-11-01,USA,1041.75
1815,5082,Printer,8,236.44,2022-04-07,UK,1891.52
1887,5083,Tablet,4,247.58,2022-03-20,France,990.32
1443,5084,Keyboard,6,388.86,2022-08-19,UK,2333.16
1273,5085,Tablet,8,419.01,2022-08-25,Canada,3352.08
1154,5086,Headphones,2,166.79,2022-09-08,France,333.58
1374,5087,Laptop,9,178.45,2022-11-24,UK,1606.05
1812,5088,Tablet,6,263.18,2022-07-09,Canada,1579.08
1417,5089,Gaming Console,10,18.25,2022-10-28,Germany,182.5
1034,5090,Monitor,7,187.05,2022-04-19,Canada,1309.3500000000001
1989,5091,Monitor,7,63.13,2022-07-21,Germany,441.91
1839,5092,Headphones,10,275.27,2022-12-03,France,2752.7
1006,5093,Smartwatch,10,164.19,2022-10-26,France,1641.9
1727,5094,Keyboard,9,117.84,2022-05-09,Australia,1060.56
1246,5095,Headphones,5,492.48,2022-02-12,India,2462.4
1392,5096,Tablet,5,385.84,2022-02-25,Australia,1929.1999999999998
1964,5097,Laptop,1,72.7,2022-02-11,India,72.7
1550,5098,Smartphone,9,76.91,2022-09-26,Germany,692.1899999999999
1170,5099,Keyboard,3,66.23,2022-04-26,India,198.69
1754,5100,Smartphone,4,54.61,2022-10-16,Germany,218.44
1811,5101,Mouse,4,482.08,2022-10-07,India,1928.32
1857,5102,Mouse,6,403.62,2022-09-05,Australia,2421.7200000000003
1249,5103,Gaming Console,8,110.75,2022-06-23,Germany,886.0
1541,5104,Tablet,9,159.0,2022-04-21,Germany,1431.0
1960,5105,Keyboard,3,377.37,2022-12-31,Canada,1132.1100000000001
1507,5106,Smartphone,8,366.29,2022-02-26,Japan,2930.32
1320,5107,Smartwatch,5,243.55,2022-06-05,USA,1217.75
1863,5108,Keyboard,3,92.59,2022-10-11,France,277.77
1796,5109,Mouse,4,198.51,2022-09-08,USA,794.04
1655,5110,Keyboard,1,214.99,2022-09-29,India,214.99
1739,5111,Smartphone,6,301.19,2022-01-08,UK,1807.1399999999999
1667,5112,Tablet,8,496.28,2022-02-18,UK,3970.24
1381,5113,Smartwatch,9,302.29,2022-10-27,UK,2720.61
1393,5114,Gaming Console,3,497.23,2022-10-27,Japan,1491.69
1076,5115,Smartwatch,7,294.19,2022-12-01,Australia,2059.33
1469,5116,Gaming Console,6,426.05,2022-03-29,India,2556.3
1231,5117,Monitor,2,397.71,2022-06-28,Canada,795.42
1836,5118,Tablet,8,85.73,2022-07-04,Germany,685.84
1065,5119,Gaming Console,8,183.03,2022-09-20,UK,1464.24
1305,5120,Smartphone,3,27.08,2022-11-27,Canada,81.24
1403,5121,Headphones,4,456.04,2022-06-21,Germany,1824.16
1376,5122,Gaming Console,7,238.97,2022-08-31,France,1672.79
1684,5123,Mouse,2,70.26,2022-09-03,USA,140.52
1434,5124,Keyboard,2,266.35,2022-10-16,Australia,532.7
1521,5125,Smartphone,9,108.71,2022-05-03,UK,978.39
1883,5126,Mouse,8,100.76,2022-08-05,Germany,806.08
1605,5127,Keyboard,3,278.12,2022-02-18,Australia,834.36
1079,5128,Mouse,3,212.26,2022-09-19,Australia,636.78
1574,5129,Monitor,10,108.7,2022-02-26,India,1087.0
1352,5130,Smartphone,3,333.39,2022-07-28,Japan,1000.17
1185,5131,Headphones,4,80.75,2022-03-03,Germany,323.0
1314,5132,Monitor,2,153.24,2022-07-02,Germany,306.48
1160,5133,Mouse,1,316.61,2022-04-03,Germany,316.61
1057,5134,Smartphone,6,204.7,2022-04-06,Canada,1228.1999999999998
1191,5135,Smartwatch,8,162.82,2022-03-01,Australia,1302.56
1970,5136,Laptop,8,67.01,2022-04-02,USA,536.08
1126,5137,Headphones,5,56.72,2022-08-20,Australia,283.6
1539,5138,Mouse,6,472.36,2022-03-01,Australia,2834.16
1264,5139,Laptop,5,232.78,2022-06-29,Australia,1163.9
1042,5140,Keyboard,6,139.96,2022-08-06,Japan,839.76
1142,5141,Tablet,2,33.64,2022-08-20,France,67.28
1286,5142,Tablet,9,320.42,2022-09-16,Japan,2883.78
1389,5143,Smartphone,2,443.67,2022-10-24,Australia,887.34
1777,5144,Laptop,2,287.63,2022-11-12,Germany,575.26
1380,5145,Tablet,10,148.64,2022-02-07,UK,1486.3999999999999
1951,5146,Tablet,5,330.08,2022-02-24,Canada,1650.3999999999999
1512,5147,Mouse,1,8.73,2022-07-10,UK,8.73
1845,5148,Laptop,9,122.79,2022-12-13,Germany,1105.1100000000001
1919,5149,Smartwatch,8,377.28,2022-06-08,Germany,3018.24
1887,5150,Keyboard,6,140.07,2022-09-05,Germany,840.42
1060,5151,Monitor,4,329.39,2022-06-09,UK,1317.56
1032,5152,Mouse,1,470.3,2022-10-06,UK,470.3
1390,5153,Headphones,4,401.69,2022-07-18,USA,1606.76
1808,5154,Printer,10,364.49,2022-10-22,Germany,3644.9
1673,5155,Printer,7,368.79,2022-04-30,France,2581.53
1987,5156,Smartwatch,8,487.04,2022-06-24,India,3896.32
1927,5157,Smartphone,9,178.94,2022-03-19,France,1610.46
1628,5158,Laptop,7,91.11,2022-01-07,India,637.77
1205,5159,Monitor,9,24.45,2022-12-05,UK,220.04999999999998
1951,5160,Keyboard,8,33.51,2022-09-24,Australia,268.08
1347,5161,Tablet,4,462.78,2022-05-23,UK,1851.12
1056,5162,Tablet,6,48.21,2022-12-14,Canada,289.26
1733,5163,Monitor,10,70.33,2022-09-23,Canada,703.3
1603,5164,Monitor,7,240.82,2022-01-28,France,1685.74
1662,5165,Laptop,2,312.45,2022-12-06,Japan,624.9
1000,5166,Gaming Console,2,394.66,2022-10-21,Germany,789.32
1138,5167,Headphones,1,12.6,2022-05-26,Canada,12.6
1457,5168,Monitor,7,15.44,2022-11-28,Canada,108.08
1677,5169,Printer,3,416.2,2022-08-25,Australia,1248.6
1993,5170,Smartphone,9,172.89,2022-05-08,Australia,1556.0099999999998
1663,5171,Monitor,3,401.59,2022-08-03,France,1204.77
1114,5172,Printer,8,241.48,2022-07-04,UK,1931.84
1929,5173,Smartphone,6,29.86,2022-03-19,Australia,179.16
1884,5174,Keyboard,6,322.91,2022-11-02,USA,1937.46
1023,5175,Monitor,1,241.41,2022-11-04,USA,241.41
1994,5176,Smartphone,3,46.38,2022-06-25,Germany,139.14000000000001
1140,5177,Smartphone,2,371.72,2022-10-28,Australia,743.44
1820,5178,Tablet,10,181.42,2022-06-27,Japan,1814.1999999999998
1723,5179,Headphones,9,72.23,2022-07-28,UK,650.07
1428,5180,Smartwatch,9,231.88,2022-06-14,Germany,2086.92
1664,5181,Headphones,6,73.07,2022-04-14,Japan,438.41999999999996
1543,5182,Keyboard,7,230.31,2022-09-23,USA,1612.17
1644,5183,Headphones,3,428.77,2022-06-04,France,1286.31
1084,5184,Gaming Console,4,300.89,2022-07-15,Canada,1203.56
1085,5185,Mouse,3,253.83,2022-10-29,USA,761.49
1806,5186,Headphones,4,140.97,2022-11-24,France,563.88
1019,5187,Gaming Console,6,257.79,2022-11-10,India,1546.7400000000002
1027,5188,Monitor,5,398.8,2022-08-03,India,1994.0
1316,5189,Headphones,9,146.01,2022-01-23,Canada,1314.09
1679,5190,Monitor,7,216.36,2022-05-05,France,1514.52
1390,5191,Smartphone,7,326.34,2022-06-19,USA,2284.3799999999997
1229,5192,Tablet,10,241.17,2022-04-19,USA,2411.7
1160,5193,Headphones,1,114.93,2022-10-25,Canada,114.93
1959,5194,Smartphone,2,492.19,2022-11-30,UK,984.38
1089,5195,Monitor,7,329.02,2022-01-07,Germany,2303.14
1864,5196,Gaming Console,7,252.09,2022-05-22,India,1764.63
1297,5197,Printer,7,50.75,2022-06-13,India,355.25
1523,5198,Headphones,7,255.01,2022-10-21,Japan,1785.07
1246,5199,Mouse,2,236.92,2022-02-05,UK,473.84
1738,5200,Smartwatch,1,37.08,2022-02-19,Japan,37.08
1712,5201,Printer,4,40.87,2022-09-06,France,163.48
1501,5202,Headphones,3,158.1,2022-11-02,USA,474.29999999999995
1180,5203,Smartwatch,3,219.25,2022-09-13,Japan,657.75
1696,5204,Gaming Console,7,122.38,2022-06-30,Japan,856.66
1344,5205,Gaming Console,6,373.9,2022-01-07,UK,2243.3999999999996
1342,5206,Mouse,8,168.77,2022-01-17,India,1350.16
1467,5207,Keyboard,8,131.73,2022-12-07,USA,1053.84
1149,5208,Gaming Console,6,143.68,2022-02-18,India,862.08
1678,5209,Smartwatch,9,407.89,2022-12-26,UK,3671.0099999999998
1648,5210,Smartphone,4,199.81,2022-10-07,Canada,799.24
1183,5211,Laptop,8,268.16,2022-06-02,Japan,2145.28
1453,5212,Mouse,7,282.93,2022-11-17,Canada,1980.51
1489,5213,Monitor,1,246.49,2022-03-17,France,246.49
1692,5214,Printer,7,116.17,2022-04-25,UK,813.19
1815,5215,Monitor,1,135.65,2022-04-18,Australia,135.65
1687,5216,Laptop,5,326.36,2022-03-07,Germany,1631.8000000000002
1391,5217,Smartphone,6,492.35,2022-12-04,USA,2954.1000000000004
1612,5218,Laptop,4,335.08,2022-02-21,Australia,1340.32
1772,5219,Laptop,1,133.5,2022-01-20,Germany,133.5
1708,5220,Headphones,5,359.95,2022-06-23,Australia,1799.75
1287,5221,Monitor,4,459.74,2022-02-06,India,1838.96
1663,5222,Smartwatch,9,250.9,2022-03-31,France,2258.1
1573,5223,Smartphone,10,414.45,2022-02-27,Germany,4144.5
1368,5224,Keyboard,9,332.52,2022-09-23,USA,2992.68
1328,5225,Smartphone,7,217.31,2022-02-28,UK,1521.17
1948,5226,Laptop,5,162.22,2022-08-30,Canada,811.1
1652,5227,Mouse,3,230.31,2022-02-24,Japan,690.9300000000001
1610,5228,Laptop,10,302.32,2022-11-08,Germany,3023.2
1113,5229,Laptop,6,139.2,2022-10-08,Canada,835.1999999999999
1583,5230,Smartwatch,4,317.76,2022-05-29,UK,1271.04
1647,5231,Smartwatch,4,140.91,2022-04-20,USA,563.64
1244,5232,Headphones,4,246.31,2022-04-06,India,985.24
1491,5233,Printer,8,288.23,2022-12-25,USA,2305.84
1638,5234,Headphones,6,80.43,2022-08-06,Germany,482.58000000000004
1030,5235,Headphones,4,347.68,2022-03-19,USA,1390.72
1524,5236,Smartwatch,8,217.48,2022-05-11,Germany,1739.84
1634,5237,Keyboard,6,67.58,2022-02-12,Germany,405.48
1086,5238,Printer,10,219.95,2022-06-11,Japan,2199.5
1670,5239,Gaming Console,10,55.66,2022-11-04,UK,556.5999999999999
1122,5240,Printer,5,353.83,2022-02-10,UK,1769.1499999999999
1914,5241,Tablet,6,116.85,2022-01-31,Germany,701.0999999999999
1341,5242,Keyboard,8,78.57,2022-05-03,USA,628.56
1230,5243,Mouse,8,138.24,2022-08-04,USA,1105.92
1947,5244,Monitor,2,232.68,2022-11-19,USA,465.36
1810,5245,Smartphone,7,482.05,2022-12-20,France,3374.35
1021,5246,Mouse,9,30.37,2022-03-06,UK,273.33
1471,5247,Monitor,1,438.89,2022-01-08,Germany,438.89
1162,5248,Tablet,3,438.77,2022-06-05,Canada,1316.31
1733,5249,Tablet,6,333.24,2022-10-16,France,1999.44
1295,5250,Keyboard,2,203.33,2022-09-18,Japan,406.66
1510,5251,Laptop,3,15.53,2022-01-30,India,46.589999999999996
1571,5252,Keyboard,7,197.11,2022-06-26,UK,1379.77
1213,5253,Monitor,5,282.93,2022-12-08,Australia,1414.65
1588,5254,Laptop,6,260.08,2022-06-07,Canada,1560.48
1397,5255,Smartphone,3,431.44,2022-03-10,Canada,1294.32
1317,5256,Printer,1,51.59,2022-12-31,France,51.59
1686,5257,Headphones,8,8.8,2022-06-24,India,70.4
1216,5258,Keyboard,3,150.08,2022-05-20,Germany,450.24
1030,5259,Mouse,1,389.85,2022-12-08,USA,389.85
1297,5260,Gaming Console,10,373.33,2022-10-24,India,3733.2999999999997
1773,5261,Monitor,2,484.84,2022-07-12,Germany,969.68
1560,5262,Smartwatch,4,151.52,2022-07-14,USA,606.08
1266,5263,Laptop,2,383.6,2022-04-20,Canada,767.2
1429,5264,Printer,1,300.51,2022-12-26,Germany,300.51
1787,5265,Monitor,5,65.8,2022-07-07,France,329.0
1990,5266,Laptop,10,89.06,2022-07-25,UK,890.6
1290,5267,Headphones,2,136.94,2022-02-22,Canada,273.88
1551,5268,Monitor,6,173.45,2022-08-18,India,1040.6999999999998
1884,5269,Tablet,2,486.78,2022-03-24,Canada,973.56
1930,5270,Monitor,8,261.37,2022-02-02,France,2090.96
1144,5271,Keyboard,5,97.87,2022-05-13,India,489.35
1659,5272,Printer,2,394.14,2022-08-05,USA,788.28
1248,5273,Smartwatch,3,90.52,2022-08-19,Canada,271.56
1442,5274,Gaming Console,1,460.78,2022-05-21,Germany,460.78
1515,5275,Tablet,3,359.47,2022-08-07,France,1078.41
1599,5276,Keyboard,7,171.65,2022-11-02,Canada,1201.55
1693,5277,Smartwatch,10,382.94,2022-01-01,UK,3829.4
1018,5278,Headphones,1,387.85,2022-07-26,India,387.85
1263,5279,Keyboard,6,244.82,2022-04-02,Canada,1468.92
1223,5280,Keyboard,4,434.84,2022-02-23,Germany,1739.36
1476,5281,Tablet,10,459.72,2022-12-19,USA,4597.200000000001
1536,5282,Printer,5,197.71,2022-03-13,Australia,988.5500000000001
1684,5283,Keyboard,4,34.81,2022-11-09,Japan,139.24
1172,5284,Smartphone,4,57.25,2022-08-27,France,229.0
1187,5285,Gaming Console,7,301.61,2022-04-30,UK,2111.27
1611,5286,Headphones,2,158.25,2022-06-28,UK,316.5
1090,5287,Headphones,6,111.06,2022-07-11,Japan,666.36
1718,5288,Laptop,3,126.04,2022-04-24,Australia,378.12
1638,5289,Headphones,6,33.63,2022-07-16,Japan,201.78000000000003
1907,5290,Keyboard,1,420.01,2022-11-13,India,420.01
1980,5291,Smartwatch,5,293.6,2022-03-28,India,1468.0
1551,5292,Keyboard,2,359.09,2022-12-03,Canada,718.18
1047,5293,Laptop,2,378.78,2022-10-07,India,757.56
1041,5294,Tablet,8,134.04,2022-08-08,France,1072.32
1354,5295,Gaming Console,7,337.78,2022-05-19,France,2364.46
1932,5296,Tablet,7,192.17,2022-11-15,USA,1345.1899999999998
1168,5297,Smartphone,5,28.08,2022-07-01,Germany,140.39999999999998
1315,5298,Gaming Console,8,214.92,2022-03-18,France,1719.36
1050,5299,Laptop,9,214.65,2022-08-18,India,1931.8500000000001
1857,5300,Mouse,3,209.9,2022-02-14,Japan,629.7
1502,5301,Printer,1,375.52,2022-02-19,Canada,375.52
1510,5302,Monitor,8,90.45,2022-11-13,India,723.6
1662,5303,Mouse,3,65.34,2022-09-09,Japan,196.02
1517,5304,Mouse,2,489.78,2022-09-26,France,979.56
1870,5305,Printer,4,230.11,2022-01-05,Japan,920.44
1249,5306,Printer,6,168.01,2022-03-17,Canada,1008.06
1996,5307,Printer,7,5.33,2022-10-29,India,37.31
1840,5308,Tablet,4,376.86,2022-12-13,France,1507.44
1666,5309,Tablet,5,129.43,2022-07-14,UK,647.1500000000001
1474,5310,Smartwatch,4,373.02,2022-08-02,France,1492.08
1115,5311,Mouse,1,292.38,2022-03-23,India,292.38
1688,5312,Headphones,8,369.33,2022-04-07,USA,2954.64
1814,5313,Tablet,2,95.76,2022-12-01,UK,191.52
1979,5314,Gaming Console,3,439.13,2022-10-19,Canada,1317.3899999999999
1509,5315,Gaming Console,9,406.91,2022-03-18,India,3662.19
1114,5316,Smartphone,7,382.4,2022-02-07,France,2676.7999999999997
1362,5317,Printer,9,279.67,2022-01-07,Japan,2517.03
1342,5318,Printer,4,346.46,2022-08-09,Canada,1385.84
1760,5319,Monitor,8,146.6,2022-09-12,Germany,1172.8
1080,5320,Mouse,2,154.44,2022-10-28,India,308.88
1283,5321,Tablet,5,274.15,2022-10-19,UK,1370.75
1393,5322,Monitor,7,299.93,2022-03-12,France,2099.51
1443,5323,Smartphone,10,485.5,2022-02-20,UK,4855.0
1101,5324,Keyboard,6,228.4,2022-03-14,Japan,1370.4
1476,5325,Tablet,3,48.8,2022-05-17,USA,146.39999999999998
1687,5326,Laptop,9,468.19,2022-03-26,UK,4213.71
1083,5327,Tablet,10,378.38,2022-06-24,Canada,3783.8
1041,5328,Monitor,6,105.04,2022-05-07,France,630.24
1274,5329,Gaming Console,1,336.85,2022-01-09,UK,336.85
1778,5330,Headphones,7,302.45,2022-07-31,Canada,2117.15
1576,5331,Gaming Console,3,157.71,2022-06-08,India,473.13
1288,5332,Mouse,9,367.19,2022-08-28,UK,3304.71
1908,5333,Headphones,4,42.04,2022-06-04,Australia,168.16
1345,5334,Mouse,4,58.45,2022-08-12,UK,233.8
1353,5335,Mouse,7,371.75,2022-03-22,Australia,2602.25
1916,5336,Headphones,9,250.51,2022-05-22,France,2254.59
1115,5337,Smartphone,9,352.16,2022-02-16,France,3169.44
1126,5338,Smartphone,8,490.78,2022-10-25,France,3926.24
1421,5339,Smartphone,5,417.17,2022-07-19,India,2085.85
1258,5340,Keyboard,3,163.05,2022-05-07,Canada,489.15000000000003
1766,5341,Headphones,9,324.43,2022-08-17,Australia,2919.87
1954,5342,Laptop,6,157.82,2022-01-02,Japan,946.92
1760,5343,Gaming Console,6,20.62,2022-01-31,Germany,123.72
1645,5344,Gaming Console,5,36.22,2022-05-10,Germany,181.1
1062,5345,Headphones,4,71.3,2022-08-20,Germany,285.2
1814,5346,Keyboard,8,166.26,2022-04-22,India,1330.08
1994,5347,Keyboard,1,30.53,2022-01-18,India,30.53
1238,5348,Monitor,10,133.98,2022-09-30,Germany,1339.8
1808,5349,Monitor,10,120.2,2022-06-18,Canada,1202.0
1204,5350,Smartwatch,10,339.58,2022-03-16,Canada,3395.7999999999997
1315,5351,Gaming Console,4,110.28,2022-04-17,Canada,441.12
1430,5352,Printer,5,454.24,2022-12-15,India,2271.2
1289,5353,Printer,7,82.02,2022-07-31,USA,574.14
1218,5354,Tablet,10,283.79,2022-08-14,Australia,2837.9
1346,5355,Laptop,1,316.43,2022-08-25,Australia,316.43
1740,5356,Headphones,6,445.63,2022-12-31,France,2673.7799999999997
1902,5357,Keyboard,3,289.93,2022-11-06,USA,869.79
1454,5358,Mouse,4,364.34,2022-04-29,France,1457.36
1792,5359,Laptop,4,476.61,2022-05-30,Germany,1906.44
1479,5360,Headphones,4,476.58,2022-10-05,India,1906.32
1312,5361,Gaming Console,3,138.27,2022-12-27,Canada,414.81000000000006
1359,5362,Smartwatch,3,418.62,2022-05-19,USA,1255.8600000000001
1491,5363,Smartwatch,9,6.74,2022-10-27,Germany,60.660000000000004
1610,5364,Mouse,8,227.6,2022-08-04,USA,1820.8
1299,5365,Laptop,10,218.96,2022-06-29,USA,2189.6
1841,5366,Smartphone,4,45.34,2022-11-13,France,181.36
1721,5367,Keyboard,3,164.2,2022-08-01,Japan,492.59999999999997
1142,5368,Headphones,1,439.01,2022-01-22,France,439.01
1650,5369,Tablet,9,452.15,2022-08-26,France,4069.35
1470,5370,Monitor,1,296.06,2022-10-11,UK,296.06
1826,5371,Tablet,2,418.94,2022-08-29,France,837.88
1995,5372,Mouse,1,35.29,2022-03-18,India,35.29
1139,5373,Smartphone,2,322.39,2022-09-28,Canada,644.78
1775,5374,Printer,4,193.1,2022-04-15,USA,772.4
1842,5375,Smartwatch,9,306.83,2022-09-24,Germany,2761.47
1750,5376,Gaming Console,5,212.41,2022-06-01,France,1062.05
1665,5377,Smartphone,3,344.01,2022-01-19,Japan,1032.03
1076,5378,Keyboard,5,128.5,2022-06-16,Germany,642.5
1841,5379,Mouse,8,250.91,2022-01-29,France,2007.28
1745,5380,Printer,4,460.3,2022-09-12,USA,1841.2
1077,5381,Smartphone,4,257.0,2022-01-17,France,1028.0
1909,5382,Keyboard,4,77.83,2022-04-16,Canada,311.32
1589,5383,Laptop,3,344.63,2022-05-31,France,1033.8899999999999
1129,5384,Mouse,3,261.88,2022-06-30,India,785.64
1407,5385,Mouse,1,418.8,2022-04-27,France,418.8
1737,5386,Keyboard,5,213.52,2022-04-03,Germany,1067.6000000000001
1752,5387,Printer,1,253.16,2022-07-12,France,253.16
1158,5388,Keyboard,10,348.7,2022-02-27,Japan,3487.0
1496,5389,Printer,5,306.71,2022-10-28,Germany,1533.55
1492,5390,Tablet,7,217.74,2022-10-01,Australia,1524.18
1720,5391,Tablet,7,59.49,2022-10-20,UK,416.43
1426,5392,Smartwatch,6,163.67,2022-02-12,UK,982.02
1706,5393,Monitor,6,171.35,2022-01-17,India,1028.1
1097,5394,Printer,7,152.4,2022-06-05,France,1066.8
1734,5395,Headphones,5,61.84,2022-08-08,India,309.20000000000005
1227,5396,Headphones,10,166.94,2022-11-28,Canada,1669.4
1824,5397,Tablet,6,227.74,2022-07-05,Japan,1366.44
1003,5398,Monitor,8,486.03,2022-06-29,Japan,3888.24
1101,5399,Keyboard,4,278.79,2022-06-01,Japan,1115.16
1770,5400,Laptop,4,79.35,2022-09-18,India,317.4
1384,5401,Monitor,6,33.28,2022-10-18,Japan,199.68
1235,5402,Keyboard,4,476.21,2022-06-02,Germany,1904.84
1423,5403,Monitor,5,477.06,2022-12-20,Japan,2385.3
1705,5404,Smartphone,5,415.9,2022-11-07,Canada,2079.5
1998,5405,Headphones,10,351.94,2022-06-30,UK,3519.4
1023,5406,Keyboard,2,113.76,2022-03-09,Germany,227.52
1897,5407,Keyboard,6,79.16,2022-01-18,Canada,474.96
1296,5408,Tablet,1,274.65,2022-07-03,USA,274.65
1185,5409,Smartphone,2,437.91,2022-01-15,Australia,875.82
1227,5410,Tablet,3,362.24,2022-06-15,Germany,1086.72
1476,5411,Keyboard,4,321.7,2022-04-27,India,1286.8
1524,5412,Headphones,4,129.02,2022-02-24,Canada,516.08
1208,5413,Printer,5,110.08,2022-10-24,Australia,550.4
1668,5414,Headphones,6,88.24,2022-06-23,UK,529.4399999999999
1469,5415,Gaming Console,5,254.88,2022-10-01,Australia,1274.4
1116,5416,Printer,8,195.33,2022-01-04,Germany,1562.64
1391,5417,Printer,9,317.42,2022-03-27,UK,2856.78
1381,5418,Laptop,2,209.48,2022-09-08,Canada,418.96
1785,5419,Gaming Console,2,426.46,2022-11-24,Canada,852.92
1795,5420,Headphones,8,277.63,2022-11-23,France,2221.04
1352,5421,Printer,2,187.22,2022-06-12,Australia,374.44
1017,5422,Gaming Console,1,118.6,2022-06-01,UK,118.6
1942,5423,Headphones,10,300.75,2022-09-09,Germany,3007.5
1904,5424,Smartphone,7,349.66,2022-11-25,Canada,2447.6200000000003
1946,5425,Gaming Console,1,391.85,2022-07-13,Canada,391.85
1616,5426,Smartwatch,2,267.7,2022-08-25,India,535.4
1184,5427,Mouse,8,313.65,2022-05-28,UK,2509.2
1324,5428,Smartphone,6,487.96,2022-08-30,Japan,2927.7599999999998
1496,5429,Laptop,7,44.04,2022-05-18,Japan,308.28
1846,5430,Mouse,9,360.53,2022-10-04,India,3244.7699999999995
1020,5431,Mouse,6,247.38,2022-04-20,Canada,1484.28
1880,5432,Smartphone,9,472.9,2022-01-02,Japan,4256.099999999999
1919,5433,Printer,5,381.41,2022-03-19,Australia,1907.0500000000002
1873,5434,Monitor,7,362.92,2022-12-20,USA,2540.44
1741,5435,Mouse,4,362.51,2022-09-25,USA,1450.04
1120,5436,Monitor,2,184.37,2022-06-27,USA,368.74
1274,5437,Smartwatch,2,369.36,2022-11-10,UK,738.72
1551,5438,Smartphone,9,468.73,2022-11-27,UK,4218.57
1692,5439,Monitor,6,262.13,2022-02-15,USA,1572.78
1441,5440,Gaming Console,9,400.18,2022-12-14,Japan,3601.62
1543,5441,Headphones,3,55.4,2022-01-13,Germany,166.2
1745,5442,Gaming Console,9,182.81,2022-11-14,Australia,1645.29
1027,5443,Headphones,6,435.22,2022-11-30,Germany,2611.32
1595,5444,Mouse,2,125.97,2022-06-20,Japan,251.94
1315,5445,Printer,5,23.67,2022-12-24,Australia,118.35000000000001
1290,5446,Laptop,2,394.74,2022-01-07,USA,789.48
1062,5447,Monitor,1,333.24,2022-10-12,Germany,333.24
1248,5448,Smartphone,5,76.32,2022-07-02,Japan,381.59999999999997
1734,5449,Headphones,7,229.97,2022-09-08,Australia,1609.79
1386,5450,Mouse,6,95.74,2022-11-07,Australia,574.4399999999999
1213,5451,Laptop,5,258.79,2022-06-05,USA,1293.95
1323,5452,Gaming Console,3,244.69,2022-03-30,UK,734.0699999999999
1473,5453,Smartwatch,8,256.15,2022-02-26,Australia,2049.2
1742,5454,Headphones,9,189.38,2022-02-21,India,1704.42
1454,5455,Smartphone,5,224.82,2022-05-12,UK,1124.1
1549,5456,Smartphone,10,22.14,2022-12-12,Canada,221.4
1420,5457,Printer,9,396.16,2022-04-16,India,3565.44
1953,5458,Laptop,10,40.43,2022-05-23,UK,404.3
1140,5459,Mouse,4,87.03,2022-12-05,India,348.12
1733,5460,Smartphone,5,158.22,2022-10-12,Germany,791.1
1892,5461,Smartphone,6,173.63,2022-05-30,India,1041.78
1638,5462,Smartphone,6,427.97,2022-04-15,UK,2567.82
1460,5463,Laptop,7,414.07,2022-08-22,USA,2898.49
1286,5464,Keyboard,3,375.13,2022-02-18,France,1125.3899999999999
1807,5465,Printer,4,480.11,2022-03-23,Canada,1920.44
1194,5466,Smartphone,1,349.56,2022-12-22,France,349.56
1801,5467,Mouse,10,139.98,2022-03-11,USA,1399.8
1002,5468,Monitor,10,239.91,2022-06-15,India,2399.1
1321,5469,Smartwatch,10,258.74,2022-09-04,Australia,2587.4
1267,5470,Monitor,9,135.78,2022-01-17,Canada,1222.02
1385,5471,Gaming Console,4,209.28,2022-01-16,USA,837.12
1651,5472,Keyboard,2,214.94,2022-07-05,Australia,429.88
1440,5473,Gaming Console,2,8.64,2022-04-22,France,17.28
1972,5474,Mouse,3,496.3,2022-08-22,Canada,1488.9
1279,5475,Laptop,7,26.12,2022-12-06,Australia,182.84
1587,5476,Smartwatch,4,160.25,2022-05-08,Japan,641.0
1280,5477,Headphones,2,20.16,2022-07-05,USA,40.32
1487,5478,Tablet,6,135.35,2022-10-17,India,812.0999999999999
1368,5479,Tablet,7,474.73,2022-12-03,Germany,3323.11
1205,5480,Keyboard,9,399.74,2022-02-14,Australia,3597.66
1090,5481,Tablet,1,212.79,2022-03-20,Australia,212.79
1101,5482,Mouse,5,468.48,2022-07-18,UK,2342.4
1135,5483,Smartphone,4,13.16,2022-05-24,USA,52.64
1915,5484,Laptop,7,24.36,2022-07-29,UK,170.51999999999998
1813,5485,Printer,3,380.88,2022-10-08,UK,1142.6399999999999
1184,5486,Mouse,9,84.87,2022-07-22,USA,763.83
1238,5487,Headphones,4,420.03,2022-04-15,France,1680.12
1029,5488,Tablet,6,45.22,2022-04-02,UK,271.32
1595,5489,Smartphone,5,260.25,2022-03-25,France,1301.25
1634,5490,Monitor,2,328.31,2022-08-03,Australia,656.62
1472,5491,Mouse,1,345.86,2022-04-05,France,345.86
1875,5492,Smartwatch,5,330.51,2022-06-14,USA,1652.55
1906,5493,Printer,3,454.07,2022-03-19,India,1362.21
1972,5494,Laptop,4,300.42,2022-08-30,USA,1201.68
1546,5495,Tablet,6,21.97,2022-08-07,Germany,131.82
1496,5496,Headphones,3,183.94,2022-09-19,Germany,551.8199999999999
1032,5497,Keyboard,3,461.49,2022-08-02,Australia,1384.47
1734,5498,Laptop,5,162.12,2022-09-21,Japan,810.6
1010,5499,Headphones,3,367.86,2022-03-05,France,1103.58
1360,5500,Tablet,9,77.51,2022-07-06,India,697.59
1092,5501,Tablet,9,427.72,2022-05-25,India,3849.4800000000005
1293,5502,Smartphone,4,171.57,2022-08-18,Japan,686.28
1946,5503,Smartwatch,7,499.71,2022-04-13,France,3497.97
1225,5504,Printer,1,162.24,2022-08-24,Canada,162.24
1523,5505,Smartwatch,3,426.48,2022-12-01,USA,1279.44
1369,5506,Laptop,7,297.57,2022-02-18,Australia,2082.99
1079,5507,Gaming Console,5,384.29,2022-01-30,France,1921.45
1912,5508,Headphones,4,395.66,2022-12-07,India,1582.64
1414,5509,Gaming Console,5,459.9,2022-10-05,France,2299.5
1593,5510,Printer,7,340.99,2022-09-16,USA,2386.9300000000003
1404,5511,Printer,4,380.31,2022-04-12,France,1521.24
1547,5512,Tablet,8,291.14,2022-12-12,Japan,2329.12
1763,5513,Tablet,4,266.04,2022-06-22,USA,1064.16
1939,5514,Tablet,2,294.4,2022-10-15,India,588.8
1528,5515,Gaming Console,1,373.39,2022-06-15,UK,373.39
1720,5516,Smartphone,7,480.08,2022-06-11,Australia,3360.56
1887,5517,Smartwatch,5,220.69,2022-04-18,UK,1103.45
1177,5518,Keyboard,5,332.87,2022-07-21,USA,1664.35
1846,5519,Smartphone,9,239.93,2022-06-09,Australia,2159.37
1608,5520,Gaming Console,3,465.55,2022-07-02,Australia,1396.65
1026,5521,Keyboard,5,444.0,2022-07-26,USA,2220.0
1681,5522,Printer,6,356.02,2022-10-24,France,2136.12
1575,5523,Laptop,2,21.5,2022-06-25,France,43.0
1844,5524,Laptop,2,154.56,2022-06-29,India,309.12
1129,5525,Headphones,1,453.78,2022-06-05,France,453.78
1014,5526,Monitor,2,412.4,2022-09-04,France,824.8
1427,5527,Laptop,1,8.57,2022-05-04,Canada,8.57
1205,5528,Headphones,9,401.61,2022-03-14,Germany,3614.4900000000002
1801,5529,Printer,10,47.11,2022-09-21,France,471.1
1963,5530,Monitor,2,452.35,2022-02-04,Canada,904.7
1209,5531,Headphones,3,269.72,2022-03-06,USA,809.1600000000001
1166,5532,Laptop,2,119.4,2022-01-11,Australia,238.8
1156,5533,Headphones,3,486.33,2022-03-02,USA,1458.99
1368,5534,Keyboard,7,303.41,2022-06-16,Canada,2123.8700000000003
1185,5535,Smartphone,10,247.87,2022-10-17,India,2478.7
1345,5536,Headphones,1,457.97,2022-08-19,Canada,457.97
1659,5537,Headphones,8,360.81,2022-10-25,Germany,2886.48
1550,5538,Smartphone,2,35.24,2022-08-12,Germany,70.48
1556,5539,Monitor,10,262.08,2022-04-12,Japan,2620.7999999999997
1823,5540,Mouse,2,65.29,2022-07-27,India,130.58
1997,5541,Smartwatch,8,72.61,2022-04-29,India,580.88
1606,5542,Gaming Console,2,227.84,2022-02-28,France,455.68
1464,5543,Smartwatch,10,312.95,2022-11-08,Japan,3129.5
1785,5544,Laptop,5,208.57,2022-04-24,Australia,1042.85
1755,5545,Mouse,7,386.39,2022-03-17,France,2704.73
1583,5546,Headphones,5,128.73,2022-05-04,India,643.65
1883,5547,Headphones,1,60.27,2022-06-09,Germany,60.27
1558,5548,Smartwatch,6,478.37,2022-08-22,India,2870.2200000000003
1349,5549,Mouse,3,233.67,2022-01-05,Japan,701.01
1737,5550,Tablet,8,226.1,2022-06-01,Australia,1808.8
1895,5551,Tablet,1,48.41,2022-08-16,USA,48.41
1973,5552,Mouse,1,327.77,2022-12-22,USA,327.77
1448,5553,Smartphone,3,274.36,2022-09-01,Germany,823.08
1104,5554,Smartwatch,4,34.46,2022-02-26,USA,137.84
1878,5555,Monitor,9,119.53,2022-02-14,Canada,1075.77
1708,5556,Laptop,6,102.37,2022-11-13,Japan,614.22
1087,5557,Smartwatch,8,298.24,2022-03-12,UK,2385.92
1553,5558,Gaming Console,8,343.93,2022-10-07,Australia,2751.44
1986,5559,Printer,3,310.55,2022-11-19,Canada,931.6500000000001
1705,5560,Keyboard,3,393.29,2022-06-25,Canada,1179.8700000000001
1358,5561,Printer,10,389.2,2022-06-13,USA,3892.0
1205,5562,Tablet,8,102.5,2022-01-26,Japan,820.0
1423,5563,Laptop,3,147.14,2022-01-16,UK,441.41999999999996
1355,5564,Gaming Console,4,409.93,2022-12-22,Japan,1639.72
1025,5565,Monitor,10,106.02,2022-08-15,Australia,1060.2
1040,5566,Monitor,6,236.79,2022-12-08,Germany,1420.74
1402,5567,Printer,9,179.62,2022-03-13,India,1616.58
1960,5568,Gaming Console,9,391.07,2022-07-26,Japan,3519.63
1854,5569,Mouse,6,20.41,2022-10-23,Australia,122.46000000000001
1952,5570,Tablet,8,37.29,2022-05-23,Canada,298.32
1368,5571,Headphones,3,144.03,2022-05-13,Japan,432.09000000000003
1156,5572,Monitor,1,454.76,2022-11-18,France,454.76
1657,5573,Gaming Console,10,412.97,2022-02-02,Canada,4129.700000000001
1209,5574,Smartwatch,8,368.1,2022-01-31,USA,2944.8
1207,5575,Tablet,6,395.77,2022-07-23,France,2374.62
1652,5576,Printer,1,497.32,2022-12-20,USA,497.32
1130,5577,Gaming Console,7,493.74,2022-06-22,France,3456.1800000000003
1956,5578,Printer,4,197.13,2022-04-15,Germany,788.52
1529,5579,Keyboard,2,394.91,2022-09-25,India,789.82
1918,5580,Printer,5,72.63,2022-01-11,Germany,363.15
1196,5581,Headphones,9,290.11,2022-09-10,Australia,2610.9900000000002
1910,5582,Smartphone,9,396.62,2022-11-09,Japan,3569.58
1361,5583,Smartwatch,8,190.46,2022-07-02,India,1523.68
1461,5584,Tablet,4,316.25,2022-04-10,UK,1265.0
1685,5585,Laptop,2,304.64,2022-07-15,USA,609.28
1822,5586,Keyboard,1,412.5,2022-09-22,USA,412.5
1999,5587,Smartwatch,6,153.55,2022-11-08,India,921.3000000000001
1434,5588,Smartphone,2,266.34,2022-01-17,Japan,532.68
1600,5589,Gaming Console,9,420.47,2022-07-07,UK,3784.2300000000005
1185,5590,Smartphone,2,61.7,2022-12-06,Australia,123.4
1499,5591,Laptop,8,96.9,2022-02-07,Japan,775.2
1116,5592,Printer,9,287.14,2022-09-04,France,2584.2599999999998
1741,5593,Keyboard,5,351.41,2022-02-06,France,1757.0500000000002
1555,5594,Monitor,2,471.43,2022-05-05,India,942.86
1466,5595,Headphones,1,229.09,2022-05-13,Australia,229.09
1625,5596,Keyboard,6,192.46,2022-10-01,France,1154.76
1166,5597,Gaming Console,8,198.89,2022-07-25,Japan,1591.12
1858,5598,Headphones,6,37.91,2022-08-22,UK,227.45999999999998
1420,5599,Gaming Console,5,91.56,2022-12-08,Germany,457.8
1559,5600,Monitor,9,275.05,2022-11-28,Canada,2475.4500000000003
1405,5601,Mouse,10,492.21,2022-12-29,Germany,4922.099999999999
1304,5602,Mouse,10,43.43,2022-10-05,UK,434.3
1955,5603,Keyboard,8,119.2,2022-11-09,India,953.6
1810,5604,Gaming Console,2,266.24,2022-08-26,India,532.48
1117,5605,Mouse,1,202.44,2022-03-01,France,202.44
1501,5606,Mouse,10,245.68,2022-10-22,Germany,2456.8
1123,5607,Tablet,9,232.51,2022-11-15,France,2092.59
1055,5608,Tablet,1,85.84,2022-04-20,USA,85.84
1252,5609,Tablet,7,289.63,2022-10-13,Australia,2027.4099999999999
1934,5610,Mouse,6,426.99,2022-08-05,France,2561.94
1085,5611,Monitor,6,158.17,2022-11-19,Germany,949.02
1705,5612,Smartphone,3,181.08,2022-03-06,Japan,543.24
1829,5613,Smartphone,3,193.27,2022-08-30,India,579.8100000000001
1972,5614,Smartwatch,4,209.01,2022-02-15,Australia,836.04
1633,5615,Gaming Console,8,51.0,2022-08-02,USA,408.0
1281,5616,Printer,8,374.72,2022-03-27,Germany,2997.76
1197,5617,Smartphone,2,242.7,2022-01-02,Germany,485.4
1807,5618,Gaming Console,1,239.23,2022-06-02,UK,239.23
1510,5619,Smartphone,5,389.39,2022-03-20,Canada,1946.9499999999998
1086,5620,Smartphone,9,104.15,2022-11-07,France,937.35
1205,5621,Laptop,9,302.69,2022-01-01,India,2724.21
1440,5622,Headphones,8,171.17,2022-04-17,UK,1369.36
1345,5623,Monitor,3,381.92,2022-05-28,USA,1145.76
1103,5624,Smartwatch,8,198.6,2022-05-28,Germany,1588.8
1556,5625,Headphones,6,433.69,2022-05-20,Germany,2602.14
1543,5626,Monitor,10,105.76,2022-02-09,USA,1057.6000000000001
1721,5627,Smartwatch,6,87.82,2022-05-19,Australia,526.92
1585,5628,Smartphone,9,305.77,2022-04-30,UK,2751.93
1334,5629,Mouse,6,260.34,2022-03-27,USA,1562.04
1329,5630,Tablet,2,281.32,2022-10-13,France,562.64
1829,5631,Gaming Console,6,168.48,2022-03-20,Japan,1010.8799999999999
1894,5632,Smartwatch,9,170.0,2022-10-20,Japan,1530.0
1515,5633,Gaming Console,8,173.35,2022-05-14,Japan,1386.8
1644,5634,Keyboard,2,465.2,2022-04-26,Australia,930.4
1630,5635,Printer,10,426.32,2022-05-31,USA,4263.2
1829,5636,Smartwatch,6,284.31,2022-05-22,UK,1705.8600000000001
1153,5637,Keyboard,8,409.71,2022-01-09,UK,3277.68
1234,5638,Tablet,10,209.14,2022-09-01,Australia,2091.3999999999996
1174,5639,Keyboard,5,450.63,2022-08-21,Canada,2253.15
1526,5640,Mouse,5,406.23,2022-07-15,USA,2031.15
1800,5641,Printer,6,72.12,2022-11-04,UK,432.72
1533,5642,Monitor,2,394.7,2022-03-08,Japan,789.4
1874,5643,Smartphone,6,267.73,2022-07-18,Germany,1606.38
1539,5644,Printer,7,198.28,2022-08-20,Japan,1387.96
1007,5645,Laptop,10,141.48,2022-07-04,India,1414.8
1593,5646,Smartphone,4,457.11,2022-09-11,Australia,1828.44
1663,5647,Mouse,9,452.75,2022-05-15,India,4074.75
1568,5648,Headphones,2,485.08,2022-05-30,India,970.16
1700,5649,Printer,3,64.5,2022-01-29,India,193.5
1969,5650,Monitor,7,38.67,2022-05-22,France,270.69
1516,5651,Headphones,9,195.93,2022-02-25,Germany,1763.3700000000001
1464,5652,Mouse,2,65.91,2022-03-22,Germany,131.82
1889,5653,Mouse,10,467.92,2022-08-15,Germany,4679.2
1704,5654,Monitor,9,211.39,2022-12-07,France,1902.5099999999998
1375,5655,Headphones,7,107.93,2022-05-29,India,755.51
1546,5656,Gaming Console,1,327.26,2022-03-22,UK,327.26
1371,5657,Laptop,5,141.99,2022-02-05,Australia,709.95
1591,5658,Smartphone,7,78.13,2022-10-12,UK,546.91
1076,5659,Monitor,1,148.1,2022-04-13,Germany,148.1
1221,5660,Smartphone,2,166.11,2022-08-30,USA,332.22
1571,5661,Printer,9,482.72,2022-05-16,Australia,4344.4800000000005
1500,5662,Smartphone,4,350.97,2022-09-26,Germany,1403.88
1100,5663,Laptop,5,498.09,2022-09-29,Japan,2490.45
1854,5664,Smartphone,2,439.14,2022-06-03,UK,878.28
1902,5665,Printer,8,192.45,2022-07-31,Canada,1539.6
1144,5666,Headphones,9,33.85,2022-11-04,UK,304.65000000000003
1366,5667,Headphones,3,449.53,2022-08-07,USA,1348.59
1309,5668,Smartphone,8,105.4,2022-11-02,Japan,843.2
1269,5669,Printer,5,13.93,2022-08-28,India,69.65
1630,5670,Tablet,5,138.61,2022-06-15,India,693.0500000000001
1124,5671,Keyboard,2,23.77,2022-04-07,Germany,47.54
1287,5672,Gaming Console,4,77.08,2022-08-01,India,308.32
1341,5673,Headphones,6,309.51,2022-07-25,UK,1857.06
1201,5674,Gaming Console,10,115.02,2022-07-06,France,1150.2
1322,5675,Keyboard,8,75.09,2022-05-06,Germany,600.72
1396,5676,Monitor,7,176.23,2022-04-26,Germany,1233.61
1667,5677,Gaming Console,1,60.68,2022-05-29,India,60.68
1504,5678,Mouse,1,250.06,2022-04-02,Canada,250.06
1540,5679,Printer,2,460.65,2022-08-18,UK,921.3
1984,5680,Laptop,6,386.34,2022-12-14,Australia,2318.04
1826,5681,Headphones,1,125.19,2022-11-09,France,125.19
1764,5682,Mouse,2,295.86,2022-01-07,Germany,591.72
1300,5683,Smartphone,9,138.4,2022-07-03,France,1245.6000000000001
1195,5684,Keyboard,2,373.29,2022-06-13,USA,746.58
1679,5685,Tablet,7,38.83,2022-10-03,UK,271.81
1572,5686,Tablet,4,247.81,2022-12-12,Japan,991.24
1277,5687,Keyboard,9,478.3,2022-07-01,UK,4304.7
1164,5688,Monitor,6,26.25,2022-04-21,Canada,157.5
1667,5689,Tablet,4,144.91,2022-07-29,Canada,579.64
1307,5690,Mouse,8,279.05,2022-06-18,UK,2232.4
1169,5691,Smartphone,8,375.46,2022-02-13,USA,3003.68
1536,5692,Smartwatch,3,172.5,2022-06-23,Canada,517.5
1567,5693,Keyboard,2,336.41,2022-04-18,India,672.82
1006,5694,Laptop,2,266.5,2022-05-19,Germany,533.0
1201,5695,Laptop,2,89.42,2022-02-17,Germany,178.84
1255,5696,Smartphone,3,470.32,2022-08-24,Canada,1410.96
1351,5697,Smartwatch,8,191.19,2022-08-23,UK,1529.52
1647,5698,Tablet,5,240.36,2022-03-10,Australia,1201.8000000000002
1764,5699,Monitor,9,383.77,2022-09-15,Germany,3453.93
1620,5700,Printer,4,234.16,2022-01-04,France,936.64
1291,5701,Headphones,4,304.84,2022-06-16,USA,1219.36
1142,5702,Tablet,8,390.52,2022-05-09,Canada,3124.16
1008,5703,Keyboard,7,465.45,2022-11-03,France,3258.15
1195,5704,Keyboard,10,176.8,2022-01-09,Australia,1768.0
1111,5705,Mouse,8,81.36,2022-06-03,USA,650.88
1795,5706,Smartphone,10,468.39,2022-02-14,Japan,4683.9
1097,5707,Smartwatch,9,225.91,2022-08-07,UK,2033.19
1768,5708,Keyboard,7,124.05,2022-01-20,USA,868.35
1211,5709,Keyboard,7,164.53,2022-02-27,India,1151.71
1241,5710,Headphones,7,490.83,2022-08-04,India,3435.81
1809,5711,Gaming Console,7,381.22,2022-04-04,India,2668.54
1314,5712,Smartwatch,6,189.63,2022-05-29,France,1137.78
1465,5713,Printer,10,440.3,2022-11-23,Australia,4403.0
1379,5714,Headphones,5,10.41,2022-07-01,Canada,52.05
1813,5715,Keyboard,9,359.88,2022-02-17,USA,3238.92
1663,5716,Headphones,2,15.96,2022-11-08,France,31.92
1995,5717,Keyboard,10,368.47,2022-06-17,Japan,3684.7000000000003
1199,5718,Smartwatch,4,13.41,2022-11-19,USA,53.64
1103,5719,Tablet,1,123.58,2022-01-20,UK,123.58
1418,5720,Smartwatch,5,184.65,2022-12-25,France,923.25
1241,5721,Mouse,7,477.07,2022-07-10,Japan,3339.49
1752,5722,Smartwatch,9,291.56,2022-11-28,Japan,2624.04
1524,5723,Tablet,3,302.79,2022-11-02,USA,908.3700000000001
1388,5724,Keyboard,10,130.85,2022-08-11,UK,1308.5
1135,5725,Keyboard,4,349.5,2022-01-11,USA,1398.0
1091,5726,Headphones,7,301.51,2022-08-26,UK,2110.5699999999997
1002,5727,Laptop,8,261.44,2022-08-04,UK,2091.52
1233,5728,Gaming Console,7,432.22,2022-12-26,Australia,3025.54
1280,5729,Mouse,7,147.6,2022-03-23,Australia,1033.2
1314,5730,Smartphone,8,439.46,2022-08-07,India,3515.68
1122,5731,Tablet,5,23.35,2022-05-24,France,116.75
1843,5732,Smartwatch,5,136.47,2022-02-26,USA,682.35
1282,5733,Smartwatch,8,20.78,2022-08-09,Australia,166.24
1175,5734,Mouse,6,343.32,2022-08-15,USA,2059.92
1557,5735,Laptop,4,188.34,2022-12-14,Canada,753.36
1426,5736,Smartwatch,1,236.68,2022-03-23,Germany,236.68
1292,5737,Gaming Console,1,289.82,2022-03-12,Japan,289.82
1715,5738,Gaming Console,3,66.0,2022-05-28,UK,198.0
1396,5739,Tablet,1,228.55,2022-09-03,UK,228.55
1052,5740,Monitor,9,143.11,2022-02-16,UK,1287.9900000000002
1074,5741,Gaming Console,4,23.13,2022-02-16,Germany,92.52
1305,5742,Monitor,9,91.54,2022-12-29,Japan,823.86
1763,5743,Mouse,4,274.55,2022-10-23,Germany,1098.2
1082,5744,Tablet,4,90.71,2022-12-31,France,362.84
1202,5745,Mouse,1,20.71,2022-05-20,UK,20.71
1851,5746,Gaming Console,7,38.71,2022-01-01,France,270.97
1484,5747,Tablet,1,385.86,2022-10-07,France,385.86
1489,5748,Gaming Console,10,498.8,2022-01-31,Australia,4988.0
1236,5749,Monitor,8,14.82,2022-03-12,UK,118.56
1430,5750,Printer,9,200.44,2022-10-19,Germany,1803.96
1094,5751,Mouse,8,85.8,2022-01-25,Germany,686.4
1312,5752,Smartwatch,5,103.3,2022-06-05,UK,516.5
1831,5753,Headphones,6,152.64,2022-03-20,India,915.8399999999999
1842,5754,Headphones,10,402.83,2022-08-02,UK,4028.2999999999997
1964,5755,Monitor,3,112.83,2022-09-30,Canada,338.49
1392,5756,Headphones,1,436.97,2022-10-24,India,436.97
1891,5757,Gaming Console,4,39.85,2022-06-20,Japan,159.4
1592,5758,Mouse,6,456.61,2022-01-23,UK,2739.66
1753,5759,Mouse,2,35.68,2022-11-16,France,71.36
1629,5760,Mouse,7,475.77,2022-12-06,Japan,3330.39
1297,5761,Tablet,1,465.69,2022-04-25,UK,465.69
1117,5762,Gaming Console,3,444.58,2022-08-23,India,1333.74
1548,5763,Keyboard,1,251.15,2022-11-25,India,251.15
1325,5764,Smartphone,8,368.33,2022-03-27,Canada,2946.64
1678,5765,Smartwatch,4,476.33,2022-06-07,UK,1905.32
1370,5766,Smartphone,8,230.36,2022-11-08,UK,1842.88
1951,5767,Laptop,3,174.67,2022-09-13,UK,524.01
1837,5768,Smartwatch,9,376.62,2022-12-22,India,3389.58
1874,5769,Gaming Console,7,25.02,2022-02-06,Australia,175.14
1096,5770,Headphones,7,454.09,2022-10-03,Japan,3178.6299999999997
1267,5771,Tablet,4,327.67,2022-06-15,Germany,1310.68
1264,5772,Gaming Console,10,342.19,2022-01-28,Australia,3421.9
1294,5773,Mouse,2,211.15,2022-01-27,Australia,422.3
1941,5774,Laptop,10,46.77,2022-09-10,Australia,467.70000000000005
1603,5775,Keyboard,8,67.0,2022-03-28,Australia,536.0
1175,5776,Headphones,1,193.84,2022-06-11,Canada,193.84
1018,5777,Mouse,6,238.71,2022-04-25,France,1432.26
1830,5778,Laptop,4,385.68,2022-03-31,Japan,1542.72
1533,5779,Keyboard,1,395.2,2022-09-27,UK,395.2
1445,5780,Printer,4,34.29,2022-01-20,India,137.16
1378,5781,Printer,8,428.22,2022-11-05,Japan,3425.76
1130,5782,Keyboard,5,253.25,2022-09-06,UK,1266.25
1169,5783,Smartwatch,7,238.12,2022-03-11,France,1666.8400000000001
1849,5784,Keyboard,8,458.25,2022-11-01,Australia,3666.0
1581,5785,Printer,10,301.1,2022-09-01,Japan,3011.0
1596,5786,Headphones,10,10.6,2022-05-01,France,106.0
1675,5787,Monitor,5,449.9,2022-11-30,UK,2249.5
1748,5788,Headphones,7,170.97,2022-07-21,UK,1196.79
1719,5789,Smartphone,9,259.83,2022-10-15,Canada,2338.47
1024,5790,Mouse,5,198.78,2022-11-15,USA,993.9
1742,5791,Laptop,6,218.14,2022-02-20,Canada,1308.84
1252,5792,Keyboard,10,76.25,2022-05-03,Germany,762.5
1520,5793,Monitor,7,456.34,2022-02-17,Canada,3194.3799999999997
1550,5794,Keyboard,6,45.29,2022-01-31,USA,271.74
1269,5795,Mouse,2,201.5,2022-10-23,France,403.0
1328,5796,Mouse,3,201.86,2022-05-15,UK,605.58
1154,5797,Mouse,6,376.85,2022-03-22,France,2261.1000000000004
1287,5798,Smartphone,6,100.87,2022-10-11,Australia,605.22
1687,5799,Mouse,3,290.53,2022-07-20,India,871.5899999999999
1945,5800,Keyboard,5,423.35,2022-02-10,India,2116.75
1230,5801,Keyboard,5,262.77,2022-04-13,India,1313.85
1649,5802,Printer,5,452.54,2022-01-17,Germany,2262.7000000000003
1675,5803,Smartphone,4,228.52,2022-07-08,UK,914.08
1515,5804,Mouse,9,416.7,2022-01-06,Japan,3750.2999999999997
1588,5805,Tablet,1,424.49,2022-07-16,Canada,424.49
1952,5806,Monitor,4,446.33,2022-10-19,France,1785.32
1717,5807,Smartphone,9,231.6,2022-09-20,USA,2084.4
1631,5808,Tablet,1,153.22,2022-05-12,Germany,153.22
1365,5809,Keyboard,8,208.1,2022-12-24,Germany,1664.8
1815,5810,Laptop,10,490.88,2022-10-30,India,4908.8
1149,5811,Smartwatch,2,431.61,2022-05-09,Japan,863.22
1548,5812,Printer,6,57.43,2022-03-07,India,344.58
1357,5813,Laptop,6,133.93,2022-04-23,Australia,803.58
1637,5814,Gaming Console,6,92.85,2022-04-19,France,557.0999999999999
1460,5815,Smartphone,10,29.74,2022-11-30,UK,297.4
1769,5816,Printer,9,98.36,2022-08-11,India,885.24
1133,5817,Laptop,9,172.69,2022-06-05,USA,1554.21
1643,5818,Monitor,1,78.54,2022-07-05,USA,78.54
1112,5819,Headphones,6,492.33,2022-11-18,UK,2953.98
1786,5820,Headphones,9,439.11,2022-03-26,Japan,3951.9900000000002
1918,5821,Monitor,3,19.91,2022-10-15,USA,59.730000000000004
1136,5822,Keyboard,7,453.7,2022-03-09,Japan,3175.9
1103,5823,Mouse,3,247.68,2022-12-28,USA,743.04
1086,5824,Mouse,5,477.85,2022-08-15,Canada,2389.25
1245,5825,Tablet,1,75.93,2022-12-18,India,75.93
1794,5826,Mouse,6,121.18,2022-10-02,Canada,727.08
1623,5827,Mouse,10,261.98,2022-02-01,Australia,2619.8
1238,5828,Monitor,3,265.04,2022-01-16,Canada,795.1200000000001
1107,5829,Printer,9,38.3,2022-11-05,USA,344.7
1980,5830,Tablet,7,344.92,2022-08-07,India,2414.44
1446,5831,Keyboard,3,90.6,2022-05-29,India,271.79999999999995
1230,5832,Smartwatch,2,270.5,2022-11-18,UK,541.0
1917,5833,Printer,6,26.09,2022-08-15,Australia,156.54
1341,5834,Headphones,10,217.87,2022-04-16,Germany,2178.7
1116,5835,Monitor,5,378.12,2022-04-26,USA,1890.6
1405,5836,Smartwatch,1,213.99,2022-02-23,France,213.99
1684,5837,Gaming Console,6,71.86,2022-02-06,Canada,431.15999999999997
1206,5838,Smartwatch,4,275.63,2022-08-18,India,1102.52
1667,5839,Laptop,4,192.04,2022-06-01,Australia,768.16
1276,5840,Keyboard,7,294.32,2022-05-05,Canada,2060.24
1518,5841,Tablet,7,240.83,2022-04-04,Australia,1685.8100000000002
1830,5842,Monitor,10,188.93,2022-06-22,Japan,1889.3000000000002
1885,5843,Mouse,6,196.66,2022-04-05,France,1179.96
1171,5844,Monitor,5,140.7,2022-08-15,India,703.5
1597,5845,Laptop,7,395.74,2022-11-03,USA,2770.1800000000003
1360,5846,Smartwatch,4,125.6,2022-10-09,Australia,502.4
1668,5847,Printer,6,128.04,2022-08-26,France,768.24
1977,5848,Monitor,2,241.24,2022-02-17,UK,482.48
1194,5849,Tablet,1,449.98,2022-02-05,France,449.98
1655,5850,Smartwatch,1,343.69,2022-04-24,France,343.69
1652,5851,Tablet,1,143.94,2022-05-17,Germany,143.94
1028,5852,Gaming Console,3,289.3,2022-08-08,France,867.9000000000001
1990,5853,Smartphone,1,359.35,2022-07-08,Germany,359.35
1839,5854,Monitor,10,145.38,2022-04-07,UK,1453.8
1846,5855,Smartwatch,1,265.67,2022-07-04,Australia,265.67
1424,5856,Gaming Console,7,488.82,2022-12-03,Canada,3421.74
1766,5857,Printer,10,497.53,2022-01-08,France,4975.299999999999
1074,5858,Tablet,3,181.03,2022-01-02,India,543.09
1523,5859,Smartwatch,7,428.39,2022-09-03,Germany,2998.73
1881,5860,Laptop,6,467.57,2022-06-12,France,2805.42
1513,5861,Mouse,3,13.5,2022-11-22,Australia,40.5
1468,5862,Headphones,3,126.14,2022-12-16,Germany,378.42
1121,5863,Laptop,5,94.39,2022-12-15,France,471.95
1502,5864,Gaming Console,4,62.85,2022-04-12,Germany,251.4
1536,5865,Headphones,2,135.18,2022-12-28,Japan,270.36
1581,5866,Laptop,10,118.65,2022-09-20,Australia,1186.5
1638,5867,Mouse,2,351.14,2022-08-11,Australia,702.28
1441,5868,Headphones,10,185.24,2022-04-22,India,1852.4
1869,5869,Tablet,4,331.35,2022-03-15,Canada,1325.4
1579,5870,Gaming Console,2,377.29,2022-03-02,Canada,754.58
1620,5871,Smartphone,5,122.68,2022-08-03,UK,613.4000000000001
1841,5872,Gaming Console,7,104.39,2022-05-29,Canada,730.73
1757,5873,Laptop,2,10.53,2022-09-08,Germany,21.06
1395,5874,Monitor,8,77.38,2022-04-14,UK,619.04
1401,5875,Smartwatch,2,202.29,2022-05-10,Canada,404.58
1743,5876,Laptop,1,272.6,2022-05-01,Australia,272.6
1025,5877,Smartphone,9,311.14,2022-09-06,India,2800.2599999999998
1260,5878,Printer,8,400.76,2022-09-05,Japan,3206.08
1140,5879,Smartwatch,2,172.46,2022-02-16,Japan,344.92
1856,5880,Smartphone,7,109.58,2022-12-19,India,767.06
1759,5881,Keyboard,6,173.58,2022-04-02,Canada,1041.48
1508,5882,Smartphone,8,168.99,2022-05-23,India,1351.92
1504,5883,Tablet,4,485.78,2022-09-27,India,1943.12
1547,5884,Monitor,6,103.69,2022-11-03,Japan,622.14
1663,5885,Headphones,7,494.05,2022-01-17,USA,3458.35
1696,5886,Smartwatch,5,176.69,2022-07-05,Japan,883.45
1174,5887,Mouse,4,327.31,2022-01-05,UK,1309.24
1196,5888,Gaming Console,2,273.51,2022-07-02,USA,547.02
1190,5889,Smartphone,4,76.45,2022-06-26,India,305.8
1703,5890,Printer,10,44.05,2022-01-24,India,440.5
1869,5891,Keyboard,3,383.37,2022-10-08,Australia,1150.1100000000001
1164,5892,Smartwatch,10,64.38,2022-04-10,India,643.8
1023,5893,Mouse,7,467.39,2022-06-11,India,3271.73
1168,5894,Printer,7,185.57,2022-03-19,France,1298.99
1242,5895,Printer,4,395.04,2022-02-20,India,1580.16
1985,5896,Smartwatch,4,100.75,2022-01-14,Germany,403.0
1892,5897,Laptop,2,55.23,2022-11-13,USA,110.46
1525,5898,Mouse,8,419.9,2022-04-12,India,3359.2
1261,5899,Tablet,7,211.14,2022-09-27,Canada,1477.98
1444,5900,Keyboard,9,352.93,2022-05-10,Canada,3176.37
1806,5901,Printer,9,452.35,2022-04-07,Japan,4071.15
1451,5902,Mouse,4,147.78,2022-02-18,Canada,591.12
1152,5903,Tablet,8,234.61,2022-07-04,Germany,1876.88
1496,5904,Mouse,8,147.51,2022-03-06,USA,1180.08
1745,5905,Smartwatch,4,173.12,2022-04-26,India,692.48
1344,5906,Headphones,10,27.54,2022-05-28,Germany,275.4
1772,5907,Smartwatch,1,408.6,2022-08-04,Australia,408.6
1872,5908,Headphones,6,350.81,2022-01-03,UK,2104.86
1422,5909,Headphones,9,203.01,2022-04-25,France,1827.09
1239,5910,Mouse,7,365.12,2022-01-14,Germany,2555.84
1282,5911,Monitor,10,91.61,2022-10-13,Canada,916.1
1678,5912,Smartwatch,7,419.66,2022-12-19,India,2937.6200000000003
1575,5913,Headphones,4,13.53,2022-10-15,Canada,54.12
1465,5914,Tablet,7,287.56,2022-05-25,India,2012.92
1747,5915,Smartphone,10,405.59,2022-01-21,Japan,4055.8999999999996
1245,5916,Headphones,3,367.05,2022-07-18,UK,1101.15
1918,5917,Tablet,6,260.57,2022-11-28,UK,1563.42
1796,5918,Laptop,9,202.87,2022-03-11,Germany,1825.83
1350,5919,Gaming Console,8,261.38,2022-02-22,UK,2091.04
1969,5920,Tablet,4,142.95,2022-04-18,USA,571.8
1037,5921,Keyboard,2,63.0,2022-08-17,India,126.0
1524,5922,Smartwatch,2,93.91,2022-10-01,Canada,187.82
1725,5923,Smartwatch,2,51.49,2022-01-17,India,102.98
1565,5924,Printer,10,434.02,2022-03-08,India,4340.2
1342,5925,Headphones,5,482.8,2022-08-29,Australia,2414.0
1757,5926,Gaming Console,5,264.91,2022-05-04,Japan,1324.5500000000002
1542,5927,Laptop,8,216.02,2022-06-15,India,1728.16
1229,5928,Gaming Console,1,124.21,2022-11-26,France,124.21
1975,5929,Monitor,5,259.3,2022-03-01,Japan,1296.5
1623,5930,Monitor,9,409.83,2022-09-21,Canada,3688.47
1240,5931,Smartwatch,2,406.21,2022-01-18,USA,812.42
1151,5932,Printer,4,99.73,2022-04-10,Australia,398.92
1237,5933,Tablet,9,326.76,2022-12-03,India,2940.84
1098,5934,Tablet,10,279.41,2022-06-30,UK,2794.1000000000004
1751,5935,Smartwatch,7,169.24,2022-06-24,Australia,1184.68
1449,5936,Mouse,8,385.09,2022-04-18,Japan,3080.72
1679,5937,Headphones,1,253.96,2022-02-22,Australia,253.96
1911,5938,Mouse,3,422.58,2022-03-06,Germany,1267.74
1557,5939,Keyboard,7,10.36,2022-08-28,USA,72.52
1673,5940,Tablet,8,15.85,2022-02-17,Germany,126.8
1038,5941,Monitor,6,357.36,2022-01-01,France,2144.16
1486,5942,Gaming Console,2,130.07,2022-07-21,France,260.14
1527,5943,Smartphone,6,320.99,2022-05-06,UK,1925.94
1446,5944,Mouse,6,486.84,2022-09-14,USA,2921.04
1644,5945,Smartwatch,7,317.75,2022-05-23,India,2224.25
1600,5946,Smartwatch,7,114.25,2022-06-12,USA,799.75
1555,5947,Monitor,4,292.42,2022-04-17,France,1169.68
1706,5948,Mouse,3,443.0,2022-04-18,Germany,1329.0
1368,5949,Laptop,1,309.69,2022-03-17,Germany,309.69
1296,5950,Tablet,2,496.65,2022-01-24,Germany,993.3
1839,5951,Monitor,2,151.94,2022-06-05,France,303.88
1621,5952,Gaming Console,8,417.28,2022-12-05,Canada,3338.24
1392,5953,Laptop,7,221.47,2022-08-08,Australia,1550.29
1710,5954,Smartphone,9,92.82,2022-02-09,USA,835.3799999999999
1293,5955,Laptop,5,350.28,2022-05-21,India,1751.3999999999999
1691,5956,Mouse,8,461.82,2022-02-28,France,3694.56
1380,5957,Smartwatch,6,440.53,2022-07-13,Australia,2643.18
1291,5958,Keyboard,10,333.98,2022-07-25,Japan,3339.8
1690,5959,Smartwatch,5,14.24,2022-02-02,Japan,71.2
1307,5960,Keyboard,9,150.74,2022-01-01,France,1356.66
1898,5961,Laptop,7,407.9,2022-07-26,UK,2855.2999999999997
1214,5962,Tablet,7,262.47,2022-04-18,Canada,1837.2900000000002
1462,5963,Laptop,10,125.41,2022-02-10,USA,1254.1
1697,5964,Mouse,10,400.94,2022-02-08,France,4009.4
1828,5965,Smartwatch,4,259.5,2022-11-26,Australia,1038.0
1574,5966,Tablet,8,121.55,2022-07-10,France,972.4
1858,5967,Mouse,5,293.19,2022-05-23,USA,1465.95
1208,5968,Smartphone,6,50.47,2022-07-17,Australia,302.82
1441,5969,Laptop,5,390.39,2022-10-14,Germany,1951.9499999999998
1605,5970,Printer,6,87.29,2022-12-11,USA,523.74
1118,5971,Laptop,7,346.07,2022-11-27,UK,2422.49
1556,5972,Gaming Console,2,247.83,2022-05-07,USA,495.66
1661,5973,Monitor,9,316.45,2022-09-12,Australia,2848.0499999999997
1370,5974,Tablet,2,203.95,2022-09-25,India,407.9
1932,5975,Printer,6,207.47,2022-05-29,Japan,1244.82
1104,5976,Printer,4,392.19,2022-12-12,USA,1568.76
1242,5977,Gaming Console,7,51.29,2022-04-13,India,359.03
1125,5978,Headphones,8,104.39,2022-01-08,Canada,835.12
1440,5979,Smartphone,10,344.96,2022-02-20,India,3449.6
1101,5980,Gaming Console,7,256.15,2022-02-28,Canada,1793.0499999999997
1313,5981,Headphones,3,475.09,2022-02-15,Germany,1425.27
1972,5982,Headphones,4,185.33,2022-04-01,USA,741.32
1197,5983,Laptop,6,14.19,2022-09-09,Japan,85.14
1188,5984,Gaming Console,3,281.18,2022-06-01,India,843.54
1723,5985,Mouse,10,390.18,2022-03-10,France,3901.8
1680,5986,Laptop,4,199.4,2022-02-02,India,797.6
1758,5987,Gaming Console,1,42.04,2022-05-28,Australia,42.04
1875,5988,Smartphone,7,293.85,2022-03-04,Japan,2056.9500000000003
1325,5989,Gaming Console,2,225.6,2022-09-25,Germany,451.2
1936,5990,Mouse,3,123.72,2022-01-19,Japan,371.15999999999997
1145,5991,Smartwatch,6,398.63,2022-08-12,Australia,2391.7799999999997
1219,5992,Gaming Console,2,439.53,2022-01-19,UK,879.06
1682,5993,Tablet,8,117.61,2022-09-09,USA,940.88
1994,5994,Laptop,7,424.69,2022-09-09,UK,2972.83
1536,5995,Headphones,5,178.81,2022-04-24,UK,894.05
1276,5996,Gaming Console,10,73.15,2022-02-09,France,731.5
1215,5997,Printer,5,334.66,2022-12-03,Canada,1673.3000000000002
1579,5998,Tablet,6,299.07,2022-10-31,Germany,1794.42
1882,5999,Laptop,8,480.01,2022-10-02,India,3840.08
