"CustomerID";"OrderID";"Product";"Quantity";"UnitPrice";"PurchaseDate";"Country";"TotalSpend"
1197;5000;"Mouse";2;331.04;"2022-10-18 00:00:00";"India";662.08
1599;5001;"Smartwatch";7;237.26;"2022-11-07 00:00:00";"Germany";1660.82
1584;5002;"Smartphone";5;36.82;"2022-02-20 00:00:00";"Japan";184.1
1779;5003;"Monitor";4;13.17;"2022-03-19 00:00:00";"Japan";52.68
1660;5004;"Monitor";8;224.16;"2022-04-11 00:00:00";"France";1793.28
1383;5005;"Gaming Console";2;298.38;"2022-01-19 00:00:00";"Japan";596.76
1793;5006;"Gaming Console";8;400.82;"2022-01-17 00:00:00";"India";3206.56
1733;5007;"Keyboard";5;137.24;"2022-02-11 00:00:00";"Japan";686.2
1309;5008;"Tablet";4;56.77;"2022-10-22 00:00:00";"Australia";227.08
1309;5009;"Mouse";3;428.15;"2022-09-03 00:00:00";"Germany";1284.45
1940;5010;"Smartphone";6;11.95;"2022-04-03 00:00:00";"Japan";71.7
1969;5011;"Laptop";10;302.76;"2022-02-18 00:00:00";"India";3027.6
1514;5012;"Printer";8;83.44;"2022-05-08 00:00:00";"Germany";667.52
1534;5013;"Smartwatch";2;259.79;"2022-03-12 00:00:00";"India";519.58
1461;5014;"Smartwatch";2;304.2;"2022-07-10 00:00:00";"Australia";608.4
1445;5015;"Tablet";9;261.82;"2022-09-03 00:00:00";"India";2356.38
1559;5016;"Monitor";1;243.69;"2022-08-15 00:00:00";"India";243.69
1604;5017;"Smartwatch";8;312.6;"2022-08-19 00:00:00";"Canada";2500.8
1386;5018;"Headphones";10;456.51;"2022-04-11 00:00:00";"India";4565.1
1429;5019;"Headphones";4;32.88;"2022-02-06 00:00:00";"Japan";131.52
1794;5020;"Gaming Console";9;471.14;"2022-08-03 00:00:00";"UK";4240.26
1084;5021;"Smartphone";6;11.65;"2022-08-09 00:00:00";"USA";69.9
1237;5022;"Monitor";7;448.04;"2022-12-11 00:00:00";"France";3136.28
1420;5023;"Printer";2;162.26;"2022-11-02 00:00:00";"Japan";324.52
1850;5024;"Gaming Console";6;136.81;"2022-07-25 00:00:00";"Canada";820.86
1817;5025;"Printer";6;405.91;"2022-04-25 00:00:00";"Canada";2435.46
1379;5026;"Monitor";3;161.89;"2022-11-05 00:00:00";"Australia";485.67
1866;5027;"Printer";3;126.73;"2022-11-30 00:00:00";"USA";380.19
1803;5028;"Printer";2;240.45;"2022-08-21 00:00:00";"Australia";480.9
1101;5029;"Keyboard";10;161.2;"2022-10-24 00:00:00";"India";1612.0
1357;5030;"Laptop";9;359.76;"2022-05-07 00:00:00";"Japan";3237.84
1328;5031;"Smartwatch";8;289.87;"2022-05-28 00:00:00";"India";2318.96
1825;5032;"Monitor";4;280.38;"2022-07-01 00:00:00";"Japan";1121.52
1209;5033;"Monitor";8;113.78;"2022-01-11 00:00:00";"France";910.24
1624;5034;"Monitor";2;417.35;"2022-03-22 00:00:00";"France";834.7
1071;5035;"Tablet";5;14.13;"2022-01-25 00:00:00";"France";70.65
1685;5036;"Printer";6;176.77;"2022-08-04 00:00:00";"Japan";1060.62
1519;5037;"Printer";3;119.51;"2022-01-24 00:00:00";"India";358.53
1880;5038;"Monitor";7;303.05;"2022-05-22 00:00:00";"Canada";2121.35
1083;5039;"Mouse";10;157.13;"2022-11-28 00:00:00";"Germany";1571.3
1329;5040;"Mouse";7;122.13;"2022-07-20 00:00:00";"Australia";854.91
1067;5041;"Headphones";1;172.38;"2022-10-13 00:00:00";"India";172.38
1970;5042;"Printer";6;441.38;"2022-10-17 00:00:00";"Japan";2648.28
1462;5043;"Smartphone";10;308.7;"2022-10-18 00:00:00";"Japan";3087.0
1626;5044;"Smartwatch";4;457.95;"2022-05-09 00:00:00";"France";1831.8
1614;5045;"Printer";8;7.74;"2022-08-25 00:00:00";"Germany";61.92
1606;5046;"Mouse";4;430.24;"2022-01-30 00:00:00";"UK";1720.96
1354;5047;"Keyboard";7;107.2;"2022-05-28 00:00:00";"Japan";750.4
1109;5048;"Keyboard";8;421.33;"2022-06-07 00:00:00";"Australia";3370.64
1209;5049;"Printer";8;440.53;"2022-01-19 00:00:00";"Germany";3524.24
1787;5050;"Mouse";8;398.17;"2022-08-28 00:00:00";"France";3185.36
1675;5051;"Headphones";8;52.48;"2022-06-03 00:00:00";"India";419.84
1549;5052;"Smartphone";1;427.65;"2022-07-11 00:00:00";"India";427.65
1620;5053;"Tablet";9;27.35;"2022-12-28 00:00:00";"Australia";246.15
1752;5054;"Tablet";5;327.9;"2022-06-25 00:00:00";"Japan";1639.5
1432;5055;"Mouse";10;306.99;"2022-02-25 00:00:00";"Japan";3069.9
1801;5056;"Laptop";8;234.33;"2022-05-30 00:00:00";"USA";1874.64
1777;5057;"Laptop";8;198.07;"2022-04-20 00:00:00";"Germany";1584.56
1842;5058;"Headphones";8;313.35;"2022-12-01 00:00:00";"Australia";2506.8
1192;5059;"Mouse";4;333.2;"2022-09-03 00:00:00";"USA";1332.8
1093;5060;"Headphones";9;495.41;"2022-02-22 00:00:00";"USA";4458.69
1692;5061;"Mouse";2;101.76;"2022-04-12 00:00:00";"India";203.52
1080;5062;"Smartphone";4;256.29;"2022-08-24 00:00:00";"Japan";1025.16
1657;5063;"Monitor";7;485.9;"2022-02-04 00:00:00";"Canada";3401.3
1481;5064;"Headphones";2;425.33;"2022-05-15 00:00:00";"UK";850.66
1008;5065;"Gaming Console";4;447.9;"2022-01-29 00:00:00";"France";1791.6
1015;5066;"Monitor";8;100.37;"2022-03-27 00:00:00";"India";802.96
1102;5067;"Keyboard";10;102.4;"2022-11-16 00:00:00";"Germany";1024.0
1037;5068;"Laptop";8;247.26;"2022-04-05 00:00:00";"Australia";1978.08
1327;5069;"Headphones";5;469.33;"2022-06-09 00:00:00";"France";2346.65
1106;5070;"Smartphone";3;453.24;"2022-12-08 00:00:00";"UK";1359.72
1302;5071;"Mouse";6;292.12;"2022-08-12 00:00:00";"India";1752.72
1702;5072;"Smartwatch";6;370.55;"2022-10-29 00:00:00";"Germany";2223.3
1703;5073;"Gaming Console";9;188.49;"2022-07-01 00:00:00";"Germany";1696.41
1276;5074;"Laptop";6;278.88;"2022-02-02 00:00:00";"UK";1673.28
1132;5075;"Smartphone";1;399.64;"2022-07-06 00:00:00";"France";399.64
1694;5076;"Printer";2;145.18;"2022-01-12 00:00:00";"USA";290.36
1406;5077;"Gaming Console";2;277.33;"2022-01-05 00:00:00";"Australia";554.66
1435;5078;"Headphones";9;159.93;"2022-04-03 00:00:00";"Germany";1439.37
1634;5079;"Smartwatch";1;32.89;"2022-10-13 00:00:00";"Canada";32.89
1136;5080;"Headphones";10;42.0;"2022-06-10 00:00:00";"USA";420.0
1059;5081;"Printer";6;140.21;"2022-06-23 00:00:00";"Australia";841.26
1660;5082;"Laptop";5;276.1;"2022-10-16 00:00:00";"France";1380.5
1329;5083;"Mouse";5;356.97;"2022-01-28 00:00:00";"USA";1784.85
1719;5084;"Mouse";9;170.49;"2022-02-12 00:00:00";"France";1534.41
1418;5085;"Mouse";8;265.66;"2022-01-05 00:00:00";"Japan";2125.28
1988;5086;"Monitor";8;315.97;"2022-10-24 00:00:00";"USA";2527.76
1647;5087;"Tablet";10;255.07;"2022-11-07 00:00:00";"Australia";2550.7
1138;5088;"Tablet";10;76.12;"2022-11-13 00:00:00";"Japan";761.2
1176;5089;"Tablet";4;113.27;"2022-02-12 00:00:00";"Australia";453.08
1618;5090;"Keyboard";4;307.47;"2022-05-17 00:00:00";"Australia";1229.88
1761;5091;"Monitor";9;186.31;"2022-11-12 00:00:00";"UK";1676.79
1950;5092;"Gaming Console";6;42.86;"2022-10-08 00:00:00";"India";257.16
1275;5093;"Keyboard";3;299.48;"2022-07-28 00:00:00";"Germany";898.44
1299;5094;"Smartwatch";8;187.16;"2022-06-11 00:00:00";"Germany";1497.28
1229;5095;"Laptop";6;87.44;"2022-11-22 00:00:00";"India";524.64
1130;5096;"Keyboard";1;492.46;"2022-11-27 00:00:00";"India";492.46
1300;5097;"Headphones";8;174.62;"2022-12-15 00:00:00";"Germany";1396.96
1723;5098;"Keyboard";5;198.26;"2022-06-08 00:00:00";"Germany";991.3
1296;5099;"Headphones";3;366.88;"2022-01-01 00:00:00";"India";1100.64
1533;5100;"Headphones";1;382.38;"2022-04-19 00:00:00";"Australia";382.38
1255;5101;"Printer";9;54.38;"2022-01-20 00:00:00";"Germany";489.42
1775;5102;"Monitor";3;315.27;"2022-07-20 00:00:00";"France";945.81
1972;5103;"Mouse";10;223.92;"2022-01-02 00:00:00";"USA";2239.2
1557;5104;"Headphones";2;498.0;"2022-05-16 00:00:00";"USA";996.0
1973;5105;"Keyboard";7;74.94;"2022-12-04 00:00:00";"Australia";524.58
1181;5106;"Tablet";5;17.6;"2022-09-26 00:00:00";"Japan";88.0
1474;5107;"Smartphone";5;408.67;"2022-06-30 00:00:00";"Canada";2043.35
1500;5108;"Gaming Console";3;213.3;"2022-06-28 00:00:00";"India";639.9
1353;5109;"Printer";4;361.79;"2022-05-17 00:00:00";"Germany";1447.16
1726;5110;"Keyboard";2;292.96;"2022-06-16 00:00:00";"Canada";585.92
1948;5111;"Headphones";2;496.63;"2022-06-04 00:00:00";"Canada";993.26
1663;5112;"Gaming Console";9;159.04;"2022-11-26 00:00:00";"Canada";1431.36
1924;5113;"Headphones";10;36.85;"2022-03-05 00:00:00";"USA";368.5
1449;5114;"Gaming Console";9;271.2;"2022-01-01 00:00:00";"Germany";2440.8
1814;5115;"Gaming Console";9;263.13;"2022-11-12 00:00:00";"Germany";2368.17
1482;5116;"Mouse";9;429.81;"2022-08-17 00:00:00";"France";3868.29
1823;5117;"Mouse";9;416.06;"2022-04-25 00:00:00";"USA";3744.54
1317;5118;"Printer";9;98.8;"2022-12-16 00:00:00";"Germany";889.2
1757;5119;"Headphones";2;188.26;"2022-05-27 00:00:00";"UK";376.52
1135;5120;"Printer";4;110.67;"2022-09-28 00:00:00";"India";442.68
1420;5121;"Headphones";5;82.49;"2022-01-10 00:00:00";"Australia";412.45
1242;5122;"Laptop";9;454.75;"2022-01-05 00:00:00";"USA";4092.75
1830;5123;"Gaming Console";3;184.13;"2022-08-21 00:00:00";"Germany";552.39
1191;5124;"Keyboard";3;437.03;"2022-06-09 00:00:00";"India";1311.09
1738;5125;"Laptop";7;383.5;"2022-02-04 00:00:00";"Canada";2684.5
1302;5126;"Gaming Console";10;274.05;"2022-03-24 00:00:00";"India";2740.5
1494;5127;"Headphones";6;479.14;"2022-10-05 00:00:00";"Australia";2874.84
1752;5128;"Tablet";5;167.17;"2022-06-03 00:00:00";"Japan";835.85
1372;5129;"Gaming Console";8;60.96;"2022-04-23 00:00:00";"Japan";487.68
1064;5130;"Monitor";2;174.47;"2022-12-27 00:00:00";"UK";348.94
1693;5131;"Headphones";6;213.67;"2022-01-01 00:00:00";"UK";1282.02
1511;5132;"Laptop";8;149.49;"2022-04-12 00:00:00";"Japan";1195.92
1209;5133;"Gaming Console";7;147.78;"2022-02-17 00:00:00";"USA";1034.46
1397;5134;"Keyboard";4;66.18;"2022-09-13 00:00:00";"France";264.72
1023;5135;"Laptop";1;404.31;"2022-06-27 00:00:00";"Japan";404.31
1752;5136;"Keyboard";3;291.93;"2022-02-16 00:00:00";"UK";875.79
1371;5137;"Smartwatch";7;31.23;"2022-10-15 00:00:00";"Germany";218.61
1837;5138;"Gaming Console";5;413.25;"2022-08-18 00:00:00";"Australia";2066.25
1342;5139;"Gaming Console";3;379.69;"2022-01-09 00:00:00";"USA";1139.07
1815;5140;"Headphones";5;339.1;"2022-10-23 00:00:00";"France";1695.5
1711;5141;"Headphones";10;28.85;"2022-09-14 00:00:00";"Canada";288.5
1188;5142;"Gaming Console";6;80.18;"2022-01-25 00:00:00";"USA";481.08
1626;5143;"Headphones";9;499.82;"2022-10-13 00:00:00";"Germany";4498.38
1009;5144;"Printer";3;72.47;"2022-01-11 00:00:00";"Japan";217.41
1070;5145;"Printer";6;486.63;"2022-08-24 00:00:00";"Germany";2919.78
1676;5146;"Mouse";10;412.24;"2022-01-13 00:00:00";"Australia";4122.4
1828;5147;"Printer";3;283.56;"2022-05-06 00:00:00";"India";850.68
1215;5148;"Smartwatch";2;164.39;"2022-04-27 00:00:00";"Australia";328.78
1402;5149;"Monitor";9;390.95;"2022-05-02 00:00:00";"UK";3518.55
1300;5150;"Tablet";3;495.32;"2022-12-08 00:00:00";"France";1485.96
1585;5151;"Smartwatch";10;426.05;"2022-03-04 00:00:00";"Japan";4260.5
1380;5152;"Printer";1;135.55;"2022-09-14 00:00:00";"France";135.55
1247;5153;"Mouse";1;104.79;"2022-04-02 00:00:00";"USA";104.79
1564;5154;"Headphones";4;230.26;"2022-04-21 00:00:00";"Germany";921.04
1292;5155;"Gaming Console";7;171.3;"2022-10-15 00:00:00";"Canada";1199.1
1781;5156;"Smartphone";1;131.31;"2022-08-27 00:00:00";"India";131.31
1476;5157;"Tablet";6;260.28;"2022-08-08 00:00:00";"Canada";1561.68
1601;5158;"Printer";5;62.28;"2022-09-02 00:00:00";"India";311.4
1042;5159;"Monitor";9;227.18;"2022-04-30 00:00:00";"Canada";2044.62
1468;5160;"Laptop";10;473.28;"2022-06-18 00:00:00";"Canada";4732.8
1369;5161;"Laptop";7;280.58;"2022-04-01 00:00:00";"France";1964.06
1004;5162;"Printer";7;82.5;"2022-02-09 00:00:00";"France";577.5
1326;5163;"Smartphone";9;334.32;"2022-01-16 00:00:00";"Australia";3008.88
1734;5164;"Mouse";5;336.19;"2022-07-02 00:00:00";"Australia";1680.95
1019;5165;"Headphones";8;297.16;"2022-12-26 00:00:00";"USA";2377.28
1874;5166;"Smartwatch";2;136.48;"2022-10-27 00:00:00";"Australia";272.96
1254;5167;"Mouse";1;353.18;"2022-10-29 00:00:00";"India";353.18
1834;5168;"Mouse";2;234.97;"2022-07-10 00:00:00";"France";469.94
1566;5169;"Laptop";8;224.75;"2022-06-04 00:00:00";"Australia";1798.0
1684;5170;"Printer";3;344.35;"2022-07-03 00:00:00";"France";1033.05
1737;5171;"Mouse";5;42.02;"2022-02-26 00:00:00";"India";210.1
1990;5172;"Gaming Console";6;5.49;"2022-06-14 00:00:00";"India";32.94
1906;5173;"Monitor";10;398.66;"2022-01-17 00:00:00";"USA";3986.6
1550;5174;"Gaming Console";4;128.03;"2022-02-03 00:00:00";"Japan";512.12
1483;5175;"Laptop";1;359.44;"2022-03-11 00:00:00";"Germany";359.44
1041;5176;"Printer";9;284.5;"2022-01-03 00:00:00";"Canada";2560.5
1902;5177;"Mouse";1;60.25;"2022-12-13 00:00:00";"Germany";60.25
1214;5178;"Headphones";2;247.51;"2022-01-02 00:00:00";"Australia";495.02
1621;5179;"Printer";3;7.06;"2022-09-11 00:00:00";"Japan";21.18
1776;5180;"Monitor";4;43.0;"2022-06-15 00:00:00";"India";172.0
1882;5181;"Headphones";10;276.42;"2022-08-02 00:00:00";"France";2764.2
1901;5182;"Printer";9;415.61;"2022-01-28 00:00:00";"USA";3740.49
1417;5183;"Headphones";2;423.62;"2022-12-27 00:00:00";"France";847.24
1446;5184;"Gaming Console";10;316.57;"2022-12-30 00:00:00";"Australia";3165.7
1581;5185;"Smartphone";7;99.93;"2022-08-25 00:00:00";"Australia";699.51
1082;5186;"Headphones";1;318.99;"2022-08-06 00:00:00";"India";318.99
1943;5187;"Printer";2;353.67;"2022-01-04 00:00:00";"USA";707.34
1793;5188;"Headphones";10;136.76;"2022-10-17 00:00:00";"Canada";1367.6
1389;5189;"Tablet";5;451.02;"2022-03-05 00:00:00";"Germany";2255.1
1942;5190;"Tablet";4;454.81;"2022-03-08 00:00:00";"UK";1819.24
1222;5191;"Laptop";4;183.99;"2022-02-16 00:00:00";"France";735.96
1604;5192;"Monitor";1;429.36;"2022-02-09 00:00:00";"Germany";429.36
1012;5193;"Mouse";3;140.01;"2022-05-05 00:00:00";"USA";420.03
1595;5194;"Smartphone";10;238.8;"2022-07-18 00:00:00";"Canada";2388.0
1194;5195;"Monitor";6;488.13;"2022-11-29 00:00:00";"USA";2928.78
1622;5196;"Monitor";8;321.22;"2022-10-20 00:00:00";"Japan";2569.76
1756;5197;"Tablet";10;20.23;"2022-02-05 00:00:00";"France";202.3
1480;5198;"Tablet";3;101.68;"2022-04-09 00:00:00";"Canada";305.04
1636;5199;"Gaming Console";1;321.46;"2022-10-29 00:00:00";"France";321.46
1999;5200;"Tablet";1;32.8;"2022-01-30 00:00:00";"France";32.8
1579;5201;"Gaming Console";4;15.52;"2022-06-01 00:00:00";"France";62.08
1698;5202;"Printer";5;393.83;"2022-08-13 00:00:00";"Germany";1969.15
1723;5203;"Mouse";5;430.92;"2022-09-15 00:00:00";"India";2154.6
1785;5204;"Printer";3;231.28;"2022-05-30 00:00:00";"UK";693.84
1879;5205;"Tablet";9;478.45;"2022-02-02 00:00:00";"India";4306.05
1296;5206;"Headphones";6;442.24;"2022-09-23 00:00:00";"Germany";2653.44
1260;5207;"Smartphone";2;324.78;"2022-10-10 00:00:00";"USA";649.56
1792;5208;"Gaming Console";4;455.82;"2022-01-20 00:00:00";"Japan";1823.28
1024;5209;"Smartphone";5;43.02;"2022-10-19 00:00:00";"India";215.1
1200;5210;"Smartwatch";10;481.28;"2022-01-18 00:00:00";"UK";4812.8
1937;5211;"Mouse";1;339.81;"2022-02-07 00:00:00";"Australia";339.81
1775;5212;"Keyboard";7;400.55;"2022-04-13 00:00:00";"India";2803.85
1237;5213;"Printer";6;257.72;"2022-11-27 00:00:00";"Canada";1546.32
1124;5214;"Keyboard";9;114.48;"2022-07-28 00:00:00";"France";1030.32
1634;5215;"Smartphone";10;266.99;"2022-05-05 00:00:00";"France";2669.9
1764;5216;"Gaming Console";4;43.02;"2022-08-02 00:00:00";"Germany";172.08
1182;5217;"Tablet";6;136.54;"2022-10-24 00:00:00";"UK";819.24
1217;5218;"Tablet";1;164.56;"2022-05-26 00:00:00";"Australia";164.56
1390;5219;"Gaming Console";1;458.95;"2022-02-19 00:00:00";"Japan";458.95
1105;5220;"Keyboard";5;175.03;"2022-08-01 00:00:00";"Germany";875.15
1704;5221;"Printer";8;295.29;"2022-10-09 00:00:00";"UK";2362.32
1324;5222;"Gaming Console";4;371.5;"2022-10-31 00:00:00";"Australia";1486.0
1748;5223;"Smartphone";2;463.09;"2022-11-26 00:00:00";"USA";926.18
1843;5224;"Gaming Console";1;219.9;"2022-04-22 00:00:00";"USA";219.9
1493;5225;"Tablet";3;73.3;"2022-02-13 00:00:00";"Australia";219.9
1153;5226;"Smartphone";4;189.64;"2022-09-05 00:00:00";"France";758.56
1061;5227;"Mouse";6;400.51;"2022-06-26 00:00:00";"France";2403.06
1558;5228;"Monitor";5;39.07;"2022-08-20 00:00:00";"USA";195.35
1752;5229;"Smartwatch";1;286.06;"2022-07-08 00:00:00";"India";286.06
1121;5230;"Keyboard";10;255.6;"2022-02-23 00:00:00";"UK";2556.0
1539;5231;"Keyboard";1;309.95;"2022-01-20 00:00:00";"India";309.95
1268;5232;"Smartphone";3;149.57;"2022-05-15 00:00:00";"UK";448.71
1225;5233;"Headphones";7;29.66;"2022-02-07 00:00:00";"Japan";207.62
1285;5234;"Headphones";4;287.03;"2022-01-10 00:00:00";"Canada";1148.12
1835;5235;"Gaming Console";5;359.96;"2022-09-14 00:00:00";"Australia";1799.8
1336;5236;"Monitor";2;87.81;"2022-02-22 00:00:00";"India";175.62
1869;5237;"Smartwatch";3;494.5;"2022-06-14 00:00:00";"UK";1483.5
1755;5238;"Printer";2;352.68;"2022-11-12 00:00:00";"India";705.36
1496;5239;"Tablet";3;18.14;"2022-08-30 00:00:00";"USA";54.42
1105;5240;"Keyboard";3;7.56;"2022-02-03 00:00:00";"Canada";22.68
1726;5241;"Headphones";5;153.3;"2022-09-11 00:00:00";"UK";766.5
1415;5242;"Keyboard";3;257.48;"2022-09-01 00:00:00";"France";772.44
1263;5243;"Headphones";9;308.27;"2022-06-21 00:00:00";"Japan";2774.43
1971;5244;"Tablet";1;264.29;"2022-02-04 00:00:00";"UK";264.29
1178;5245;"Gaming Console";2;169.65;"2022-07-23 00:00:00";"Germany";339.3
1229;5246;"Laptop";1;420.12;"2022-06-24 00:00:00";"USA";420.12
1900;5247;"Smartphone";5;90.46;"2022-05-22 00:00:00";"France";452.3
1518;5248;"Headphones";6;477.47;"2022-07-24 00:00:00";"Canada";2864.82
1945;5249;"Headphones";9;426.63;"2022-09-08 00:00:00";"Australia";3839.67
1905;5250;"Mouse";1;43.89;"2022-07-24 00:00:00";"Canada";43.89
1457;5251;"Tablet";2;237.63;"2022-08-20 00:00:00";"Germany";475.26
1611;5252;"Smartwatch";10;471.81;"2022-10-19 00:00:00";"Canada";4718.1
1264;5253;"Smartwatch";3;232.05;"2022-11-15 00:00:00";"India";696.15
1418;5254;"Smartwatch";9;409.45;"2022-04-10 00:00:00";"India";3685.05
1582;5255;"Tablet";4;137.14;"2022-05-24 00:00:00";"UK";548.56
1506;5256;"Printer";6;127.78;"2022-01-02 00:00:00";"Australia";766.68
1518;5257;"Printer";2;199.64;"2022-02-22 00:00:00";"Germany";399.28
1620;5258;"Gaming Console";9;7.24;"2022-10-28 00:00:00";"UK";65.16
1877;5259;"Smartwatch";7;300.54;"2022-03-07 00:00:00";"Canada";2103.78
1192;5260;"Tablet";8;75.7;"2022-03-04 00:00:00";"Japan";605.6
1717;5261;"Mouse";3;154.8;"2022-04-21 00:00:00";"Canada";464.4
1112;5262;"Monitor";6;18.88;"2022-12-26 00:00:00";"UK";113.28
1392;5263;"Monitor";9;134.54;"2022-10-01 00:00:00";"Canada";1210.86
1971;5264;"Keyboard";4;270.25;"2022-09-30 00:00:00";"UK";1081.0
1940;5265;"Monitor";8;66.61;"2022-06-16 00:00:00";"USA";532.88
1954;5266;"Printer";9;196.34;"2022-12-20 00:00:00";"France";1767.06
1609;5267;"Smartwatch";8;106.52;"2022-01-22 00:00:00";"France";852.16
1145;5268;"Keyboard";4;385.25;"2022-05-11 00:00:00";"USA";1541.0
1519;5269;"Headphones";8;219.54;"2022-01-30 00:00:00";"Japan";1756.32
1643;5270;"Monitor";3;458.21;"2022-05-20 00:00:00";"UK";1374.63
1054;5271;"Gaming Console";6;11.49;"2022-10-30 00:00:00";"Germany";68.94
1097;5272;"Tablet";2;75.81;"2022-07-12 00:00:00";"France";151.62
1288;5273;"Printer";6;471.39;"2022-02-24 00:00:00";"India";2828.34
1646;5274;"Headphones";4;14.28;"2022-01-19 00:00:00";"Japan";57.12
1209;5275;"Keyboard";2;357.36;"2022-12-10 00:00:00";"Canada";714.72
1914;5276;"Gaming Console";5;273.62;"2022-05-01 00:00:00";"USA";1368.1
1063;5277;"Monitor";3;247.22;"2022-02-10 00:00:00";"France";741.66
1826;5278;"Monitor";10;164.34;"2022-02-17 00:00:00";"USA";1643.4
1740;5279;"Gaming Console";1;119.39;"2022-08-11 00:00:00";"India";119.39
1716;5280;"Keyboard";5;232.4;"2022-07-07 00:00:00";"Germany";1162.0
1297;5281;"Tablet";2;235.85;"2022-02-15 00:00:00";"Germany";471.7
1828;5282;"Headphones";7;23.26;"2022-06-24 00:00:00";"USA";162.82
1165;5283;"Keyboard";7;276.77;"2022-03-27 00:00:00";"Japan";1937.39
1654;5284;"Headphones";2;409.82;"2022-11-23 00:00:00";"France";819.64
1252;5285;"Monitor";8;24.77;"2022-01-18 00:00:00";"Japan";198.16
1949;5286;"Mouse";8;378.42;"2022-02-24 00:00:00";"France";3027.36
1438;5287;"Laptop";2;495.68;"2022-01-22 00:00:00";"UK";991.36
1286;5288;"Gaming Console";8;332.65;"2022-10-10 00:00:00";"Australia";2661.2
1788;5289;"Laptop";2;32.24;"2022-01-05 00:00:00";"Australia";64.48
1655;5290;"Keyboard";8;215.6;"2022-11-24 00:00:00";"USA";1724.8
1585;5291;"Mouse";10;229.47;"2022-03-13 00:00:00";"Germany";2294.7
1507;5292;"Keyboard";4;370.34;"2022-03-22 00:00:00";"UK";1481.36
1248;5293;"Smartwatch";7;467.32;"2022-09-26 00:00:00";"India";3271.24
1442;5294;"Printer";2;438.93;"2022-09-02 00:00:00";"France";877.86
1975;5295;"Mouse";10;201.21;"2022-10-22 00:00:00";"USA";2012.1
1114;5296;"Gaming Console";6;388.68;"2022-05-20 00:00:00";"Australia";2332.08
1079;5297;"Monitor";9;119.95;"2022-05-01 00:00:00";"Canada";1079.55
1642;5298;"Tablet";5;453.14;"2022-08-18 00:00:00";"UK";2265.7
1264;5299;"Keyboard";9;282.18;"2022-07-20 00:00:00";"USA";2539.62
1995;5300;"Gaming Console";9;151.16;"2022-02-20 00:00:00";"France";1360.44
1385;5301;"Smartphone";8;462.17;"2022-02-10 00:00:00";"UK";3697.36
1722;5302;"Gaming Console";8;190.92;"2022-11-30 00:00:00";"Australia";1527.36
1585;5303;"Tablet";7;124.71;"2022-07-17 00:00:00";"Australia";872.97
1744;5304;"Printer";5;301.35;"2022-02-25 00:00:00";"Japan";1506.75
1853;5305;"Gaming Console";4;332.06;"2022-06-12 00:00:00";"Canada";1328.24
1317;5306;"Smartphone";9;356.36;"2022-11-16 00:00:00";"Japan";3207.24
1527;5307;"Gaming Console";1;190.75;"2022-09-28 00:00:00";"France";190.75
1356;5308;"Mouse";4;482.22;"2022-12-15 00:00:00";"Australia";1928.88
1743;5309;"Tablet";6;282.29;"2022-10-28 00:00:00";"UK";1693.74
1272;5310;"Headphones";4;443.06;"2022-02-01 00:00:00";"UK";1772.24
1519;5311;"Tablet";10;398.13;"2022-06-25 00:00:00";"Japan";3981.3
1323;5312;"Monitor";9;329.63;"2022-11-20 00:00:00";"Germany";2966.67
1400;5313;"Printer";8;325.31;"2022-06-25 00:00:00";"Australia";2602.48
1043;5314;"Keyboard";9;384.33;"2022-12-13 00:00:00";"UK";3458.97
1618;5315;"Mouse";2;111.93;"2022-06-29 00:00:00";"Germany";223.86
1724;5316;"Headphones";3;333.59;"2022-05-06 00:00:00";"Australia";1000.77
1389;5317;"Keyboard";10;55.51;"2022-10-20 00:00:00";"USA";555.1
1317;5318;"Headphones";1;172.99;"2022-11-28 00:00:00";"Australia";172.99
1957;5319;"Mouse";3;445.75;"2022-03-04 00:00:00";"UK";1337.25
1178;5320;"Printer";10;355.55;"2022-08-17 00:00:00";"UK";3555.5
1915;5321;"Smartwatch";9;221.13;"2022-01-16 00:00:00";"USA";1990.17
1364;5322;"Mouse";7;370.49;"2022-01-30 00:00:00";"Australia";2593.43
1905;5323;"Mouse";3;436.48;"2022-09-09 00:00:00";"India";1309.44
1107;5324;"Smartwatch";2;371.73;"2022-11-11 00:00:00";"USA";743.46
1654;5325;"Keyboard";7;149.85;"2022-01-01 00:00:00";"Canada";1048.95
1085;5326;"Smartphone";9;459.23;"2022-03-26 00:00:00";"France";4133.07
1384;5327;"Keyboard";10;42.75;"2022-04-15 00:00:00";"UK";427.5
1986;5328;"Gaming Console";2;286.62;"2022-06-01 00:00:00";"UK";573.24
1066;5329;"Smartphone";6;368.63;"2022-09-27 00:00:00";"Canada";2211.78
1696;5330;"Printer";6;205.19;"2022-02-06 00:00:00";"France";1231.14
1267;5331;"Smartphone";10;54.26;"2022-12-30 00:00:00";"UK";542.6
1945;5332;"Printer";8;104.69;"2022-01-02 00:00:00";"Japan";837.52
1029;5333;"Smartwatch";10;388.38;"2022-06-21 00:00:00";"UK";3883.8
1630;5334;"Mouse";6;394.72;"2022-10-05 00:00:00";"USA";2368.32
1282;5335;"Smartwatch";2;276.89;"2022-09-22 00:00:00";"India";553.78
1311;5336;"Keyboard";1;397.48;"2022-11-06 00:00:00";"Germany";397.48
1006;5337;"Keyboard";7;435.58;"2022-04-08 00:00:00";"Australia";3049.06
1339;5338;"Keyboard";4;200.32;"2022-12-21 00:00:00";"India";801.28
1478;5339;"Printer";1;487.56;"2022-05-13 00:00:00";"USA";487.56
1396;5340;"Headphones";9;481.08;"2022-12-09 00:00:00";"Japan";4329.72
1215;5341;"Gaming Console";3;281.57;"2022-06-16 00:00:00";"Canada";844.71
1909;5342;"Smartphone";3;11.8;"2022-03-31 00:00:00";"Japan";35.4
1204;5343;"Printer";9;378.99;"2022-09-17 00:00:00";"Germany";3410.91
1849;5344;"Printer";9;498.9;"2022-12-18 00:00:00";"Australia";4490.1
1192;5345;"Mouse";6;379.92;"2022-02-06 00:00:00";"Japan";2279.52
1177;5346;"Headphones";4;320.26;"2022-02-02 00:00:00";"France";1281.04
1163;5347;"Gaming Console";7;421.22;"2022-03-26 00:00:00";"Australia";2948.54
1005;5348;"Headphones";6;201.41;"2022-01-20 00:00:00";"Canada";1208.46
1405;5349;"Mouse";1;43.2;"2022-12-04 00:00:00";"Germany";43.2
1195;5350;"Headphones";4;80.74;"2022-03-24 00:00:00";"India";322.96
1250;5351;"Keyboard";10;59.39;"2022-09-09 00:00:00";"France";593.9
1887;5352;"Headphones";7;282.19;"2022-03-23 00:00:00";"Australia";1975.33
1275;5353;"Headphones";3;394.34;"2022-03-25 00:00:00";"Germany";1183.02
1409;5354;"Headphones";9;47.32;"2022-01-26 00:00:00";"UK";425.88
1161;5355;"Monitor";6;404.24;"2022-01-13 00:00:00";"France";2425.44
1495;5356;"Tablet";7;498.28;"2022-08-23 00:00:00";"USA";3487.96
1144;5357;"Laptop";3;481.26;"2022-10-24 00:00:00";"Japan";1443.78
1633;5358;"Headphones";8;382.58;"2022-05-30 00:00:00";"Canada";3060.64
1039;5359;"Monitor";4;178.93;"2022-02-06 00:00:00";"Canada";715.72
1048;5360;"Laptop";6;136.65;"2022-07-22 00:00:00";"Canada";819.9
1595;5361;"Gaming Console";3;306.81;"2022-06-13 00:00:00";"Japan";920.43
1139;5362;"Laptop";4;179.95;"2022-02-09 00:00:00";"India";719.8
1546;5363;"Printer";5;360.8;"2022-12-05 00:00:00";"UK";1804.0
1536;5364;"Smartphone";1;441.6;"2022-06-16 00:00:00";"France";441.6
1919;5365;"Laptop";8;300.0;"2022-06-06 00:00:00";"UK";2400.0
1828;5366;"Gaming Console";5;126.46;"2022-01-14 00:00:00";"Japan";632.3
1483;5367;"Printer";10;232.22;"2022-11-27 00:00:00";"Australia";2322.2
1676;5368;"Mouse";3;156.84;"2022-09-08 00:00:00";"USA";470.52
1701;5369;"Mouse";2;119.69;"2022-04-28 00:00:00";"UK";239.38
1163;5370;"Gaming Console";3;476.89;"2022-08-04 00:00:00";"Canada";1430.67
1978;5371;"Printer";7;472.38;"2022-01-29 00:00:00";"Canada";3306.66
1620;5372;"Monitor";9;426.62;"2022-11-12 00:00:00";"Australia";3839.58
1044;5373;"Keyboard";9;454.4;"2022-09-04 00:00:00";"Canada";4089.6
1623;5374;"Smartwatch";1;96.33;"2022-10-21 00:00:00";"Australia";96.33
1308;5375;"Tablet";3;179.93;"2022-10-03 00:00:00";"Australia";539.79
1527;5376;"Mouse";6;338.24;"2022-12-23 00:00:00";"USA";2029.44
1178;5377;"Keyboard";4;451.21;"2022-11-13 00:00:00";"UK";1804.84
1753;5378;"Monitor";5;359.93;"2022-12-15 00:00:00";"India";1799.65
1161;5379;"Headphones";9;337.65;"2022-09-25 00:00:00";"India";3038.85
1132;5380;"Printer";1;64.72;"2022-06-02 00:00:00";"Japan";64.72
1148;5381;"Laptop";1;99.93;"2022-04-26 00:00:00";"USA";99.93
1648;5382;"Smartwatch";8;293.35;"2022-06-03 00:00:00";"USA";2346.8
1841;5383;"Smartwatch";10;66.13;"2022-10-24 00:00:00";"Canada";661.3
1535;5384;"Gaming Console";4;277.93;"2022-07-19 00:00:00";"UK";1111.72
1283;5385;"Smartwatch";9;39.09;"2022-01-02 00:00:00";"Germany";351.81
1554;5386;"Gaming Console";3;53.1;"2022-09-09 00:00:00";"France";159.3
1227;5387;"Laptop";3;336.48;"2022-05-28 00:00:00";"Australia";1009.44
1921;5388;"Printer";9;114.98;"2022-11-27 00:00:00";"India";1034.82
1680;5389;"Keyboard";1;480.21;"2022-06-15 00:00:00";"Germany";480.21
1087;5390;"Tablet";10;392.88;"2022-02-08 00:00:00";"France";3928.8
1080;5391;"Mouse";10;485.52;"2022-03-15 00:00:00";"Australia";4855.2
1534;5392;"Printer";1;70.47;"2022-06-13 00:00:00";"France";70.47
1018;5393;"Printer";3;84.36;"2022-09-13 00:00:00";"Canada";253.08
1729;5394;"Tablet";4;490.81;"2022-10-13 00:00:00";"UK";1963.24
1422;5395;"Keyboard";9;287.13;"2022-04-01 00:00:00";"Japan";2584.17
1140;5396;"Tablet";9;367.86;"2022-11-24 00:00:00";"Australia";3310.74
1517;5397;"Monitor";7;360.58;"2022-07-27 00:00:00";"Australia";2524.06
1161;5398;"Monitor";8;276.76;"2022-10-05 00:00:00";"UK";2214.08
1327;5399;"Smartphone";2;173.76;"2022-09-09 00:00:00";"UK";347.52
1017;5400;"Smartwatch";7;397.34;"2022-09-19 00:00:00";"France";2781.38
1962;5401;"Laptop";9;214.13;"2022-06-29 00:00:00";"Australia";1927.17
1052;5402;"Mouse";8;310.95;"2022-05-24 00:00:00";"Canada";2487.6
1714;5403;"Tablet";3;404.92;"2022-12-22 00:00:00";"France";1214.76
1546;5404;"Smartwatch";2;200.96;"2022-05-01 00:00:00";"Australia";401.92
1108;5405;"Headphones";9;381.17;"2022-06-27 00:00:00";"USA";3430.53
1194;5406;"Headphones";2;114.3;"2022-08-25 00:00:00";"Germany";228.6
1663;5407;"Laptop";8;43.59;"2022-01-30 00:00:00";"France";348.72
1072;5408;"Gaming Console";5;455.15;"2022-05-08 00:00:00";"Canada";2275.75
1982;5409;"Mouse";7;263.65;"2022-07-14 00:00:00";"Australia";1845.55
1232;5410;"Laptop";4;60.67;"2022-01-10 00:00:00";"Japan";242.68
1720;5411;"Laptop";2;417.47;"2022-06-30 00:00:00";"Australia";834.94
1587;5412;"Smartphone";7;469.92;"2022-04-18 00:00:00";"Australia";3289.44
1146;5413;"Laptop";5;189.35;"2022-12-29 00:00:00";"India";946.75
1563;5414;"Printer";10;274.36;"2022-03-28 00:00:00";"Canada";2743.6
1785;5415;"Printer";9;260.55;"2022-01-17 00:00:00";"India";2344.95
1597;5416;"Printer";8;355.68;"2022-07-13 00:00:00";"USA";2845.44
1424;5417;"Keyboard";8;394.31;"2022-10-21 00:00:00";"UK";3154.48
1885;5418;"Gaming Console";3;316.57;"2022-10-10 00:00:00";"Canada";949.71
1164;5419;"Laptop";9;452.33;"2022-06-14 00:00:00";"France";4070.97
1539;5420;"Smartphone";1;344.82;"2022-05-30 00:00:00";"France";344.82
1882;5421;"Smartphone";6;264.74;"2022-06-20 00:00:00";"Japan";1588.44
1596;5422;"Printer";6;359.58;"2022-07-28 00:00:00";"USA";2157.48
1255;5423;"Keyboard";1;391.58;"2022-10-08 00:00:00";"Canada";391.58
1801;5424;"Keyboard";6;439.08;"2022-08-24 00:00:00";"India";2634.48
1593;5425;"Headphones";4;92.93;"2022-04-25 00:00:00";"France";371.72
1029;5426;"Keyboard";1;210.23;"2022-11-05 00:00:00";"UK";210.23
1418;5427;"Keyboard";4;6.33;"2022-11-05 00:00:00";"USA";25.32
1914;5428;"Tablet";6;27.12;"2022-02-04 00:00:00";"France";162.72
1074;5429;"Printer";9;494.92;"2022-04-20 00:00:00";"Australia";4454.28
1128;5430;"Mouse";5;183.76;"2022-04-04 00:00:00";"France";918.8
1407;5431;"Mouse";6;82.03;"2022-07-29 00:00:00";"Canada";492.18
1177;5432;"Laptop";2;169.9;"2022-12-08 00:00:00";"Australia";339.8
1198;5433;"Headphones";7;229.01;"2022-03-01 00:00:00";"Australia";1603.07
1230;5434;"Laptop";5;494.48;"2022-12-08 00:00:00";"Germany";2472.4
1396;5435;"Monitor";1;320.61;"2022-08-25 00:00:00";"France";320.61
1142;5436;"Headphones";7;378.72;"2022-09-26 00:00:00";"Japan";2651.04
1515;5437;"Laptop";3;332.7;"2022-06-25 00:00:00";"Japan";998.1
1780;5438;"Smartphone";10;294.37;"2022-02-14 00:00:00";"Canada";2943.7
1310;5439;"Monitor";7;218.71;"2022-08-27 00:00:00";"France";1530.97
1766;5440;"Smartphone";1;173.08;"2022-06-28 00:00:00";"Australia";173.08
1070;5441;"Smartphone";7;53.64;"2022-10-25 00:00:00";"India";375.48
1741;5442;"Printer";4;287.73;"2022-12-27 00:00:00";"India";1150.92
1012;5443;"Printer";7;379.3;"2022-11-27 00:00:00";"Australia";2655.1
1430;5444;"Monitor";5;120.23;"2022-08-11 00:00:00";"Japan";601.15
1416;5445;"Smartwatch";2;467.79;"2022-07-25 00:00:00";"USA";935.58
1908;5446;"Keyboard";10;406.45;"2022-03-29 00:00:00";"France";4064.5
1915;5447;"Mouse";6;180.82;"2022-09-22 00:00:00";"USA";1084.92
1413;5448;"Tablet";8;392.78;"2022-01-09 00:00:00";"Japan";3142.24
1325;5449;"Gaming Console";4;362.32;"2022-11-28 00:00:00";"UK";1449.28
1188;5450;"Gaming Console";2;17.55;"2022-09-14 00:00:00";"Australia";35.1
1829;5451;"Mouse";4;444.81;"2022-03-05 00:00:00";"Australia";1779.24
1951;5452;"Monitor";1;389.51;"2022-12-02 00:00:00";"Canada";389.51
1013;5453;"Monitor";3;450.91;"2022-05-28 00:00:00";"UK";1352.73
1987;5454;"Keyboard";2;431.18;"2022-06-23 00:00:00";"USA";862.36
1533;5455;"Printer";7;291.36;"2022-02-20 00:00:00";"India";2039.52
1787;5456;"Smartphone";9;220.43;"2022-05-08 00:00:00";"UK";1983.87
1592;5457;"Laptop";8;318.13;"2022-05-15 00:00:00";"Japan";2545.04
1096;5458;"Smartwatch";2;383.54;"2022-12-06 00:00:00";"Germany";767.08
1911;5459;"Gaming Console";8;282.54;"2022-06-08 00:00:00";"UK";2260.32
1523;5460;"Smartphone";2;469.94;"2022-10-31 00:00:00";"Australia";939.88
1308;5461;"Tablet";10;324.7;"2022-04-11 00:00:00";"UK";3247.0
1217;5462;"Keyboard";6;102.37;"2022-07-22 00:00:00";"India";614.22
1996;5463;"Headphones";2;315.05;"2022-03-11 00:00:00";"UK";630.1
1966;5464;"Tablet";5;282.3;"2022-05-09 00:00:00";"USA";1411.5
1997;5465;"Printer";3;70.69;"2022-07-24 00:00:00";"India";212.07
1138;5466;"Headphones";8;380.83;"2022-06-17 00:00:00";"Japan";3046.64
1229;5467;"Smartwatch";6;57.25;"2022-11-08 00:00:00";"USA";343.5
1289;5468;"Tablet";6;120.21;"2022-12-17 00:00:00";"Germany";721.26
1480;5469;"Monitor";4;81.5;"2022-11-23 00:00:00";"France";326.0
1293;5470;"Keyboard";7;238.39;"2022-04-26 00:00:00";"France";1668.73
1530;5471;"Gaming Console";4;183.06;"2022-09-09 00:00:00";"India";732.24
1458;5472;"Keyboard";8;145.99;"2022-10-08 00:00:00";"Japan";1167.92
1673;5473;"Smartwatch";7;248.53;"2022-12-15 00:00:00";"India";1739.71
1078;5474;"Smartwatch";8;433.93;"2022-10-09 00:00:00";"UK";3471.44
1353;5475;"Smartphone";3;396.29;"2022-06-17 00:00:00";"USA";1188.87
1385;5476;"Gaming Console";10;329.34;"2022-12-30 00:00:00";"UK";3293.4
1245;5477;"Tablet";10;175.34;"2022-08-24 00:00:00";"UK";1753.4
1997;5478;"Monitor";9;42.95;"2022-01-15 00:00:00";"UK";386.55
1136;5479;"Printer";6;480.04;"2022-07-26 00:00:00";"Canada";2880.24
1160;5480;"Smartwatch";10;460.92;"2022-12-24 00:00:00";"Australia";4609.2
1837;5481;"Printer";5;349.02;"2022-10-20 00:00:00";"Canada";1745.1
1064;5482;"Keyboard";1;61.33;"2022-07-23 00:00:00";"UK";61.33
1802;5483;"Printer";1;454.97;"2022-11-24 00:00:00";"Japan";454.97
1327;5484;"Headphones";5;205.04;"2022-12-28 00:00:00";"USA";1025.2
1588;5485;"Mouse";8;259.65;"2022-07-24 00:00:00";"Germany";2077.2
1891;5486;"Mouse";3;263.15;"2022-07-03 00:00:00";"Australia";789.45
1129;5487;"Printer";3;135.44;"2022-09-14 00:00:00";"USA";406.32
1174;5488;"Keyboard";4;58.95;"2022-07-25 00:00:00";"Canada";235.8
1077;5489;"Gaming Console";2;121.81;"2022-11-08 00:00:00";"UK";243.62
1780;5490;"Keyboard";1;51.52;"2022-11-12 00:00:00";"UK";51.52
1445;5491;"Laptop";8;462.44;"2022-05-10 00:00:00";"France";3699.52
1125;5492;"Laptop";4;128.57;"2022-11-03 00:00:00";"India";514.28
1016;5493;"Gaming Console";3;497.19;"2022-04-05 00:00:00";"India";1491.57
1618;5494;"Keyboard";5;289.31;"2022-03-02 00:00:00";"Canada";1446.55
1950;5495;"Keyboard";9;355.54;"2022-07-02 00:00:00";"Japan";3199.86
1604;5496;"Mouse";5;203.47;"2022-04-10 00:00:00";"Canada";1017.35
1838;5497;"Keyboard";7;208.28;"2022-03-30 00:00:00";"France";1457.96
1085;5498;"Smartwatch";10;272.68;"2022-08-09 00:00:00";"Canada";2726.8
1019;5499;"Smartphone";9;45.72;"2022-11-18 00:00:00";"Germany";411.48
1026;5500;"Printer";2;151.73;"2022-08-24 00:00:00";"Canada";303.46
1011;5501;"Keyboard";3;228.8;"2022-09-13 00:00:00";"Australia";686.4
1577;5502;"Keyboard";5;188.57;"2022-06-09 00:00:00";"Australia";942.85
1301;5503;"Gaming Console";10;5.19;"2022-04-16 00:00:00";"UK";51.9
1635;5504;"Monitor";9;378.25;"2022-01-10 00:00:00";"USA";3404.25
1251;5505;"Monitor";1;296.81;"2022-06-09 00:00:00";"Canada";296.81
1823;5506;"Smartwatch";8;427.68;"2022-07-30 00:00:00";"USA";3421.44
1556;5507;"Smartwatch";7;297.17;"2022-10-26 00:00:00";"Canada";2080.19
1399;5508;"Mouse";6;42.76;"2022-05-30 00:00:00";"Germany";256.56
1391;5509;"Mouse";1;9.69;"2022-07-13 00:00:00";"Germany";9.69
1172;5510;"Laptop";5;341.09;"2022-11-18 00:00:00";"Canada";1705.45
1272;5511;"Tablet";8;139.03;"2022-07-28 00:00:00";"Germany";1112.24
1255;5512;"Smartwatch";2;369.48;"2022-03-11 00:00:00";"Japan";738.96
1374;5513;"Smartwatch";10;476.87;"2022-03-11 00:00:00";"France";4768.7
1147;5514;"Monitor";5;354.2;"2022-07-25 00:00:00";"Japan";1771.0
1197;5515;"Laptop";10;149.49;"2022-07-16 00:00:00";"India";1494.9
1020;5516;"Headphones";1;79.28;"2022-02-18 00:00:00";"France";79.28
1028;5517;"Gaming Console";2;120.69;"2022-02-22 00:00:00";"USA";241.38
1001;5518;"Tablet";6;441.99;"2022-04-04 00:00:00";"Australia";2651.94
1619;5519;"Keyboard";5;262.87;"2022-03-15 00:00:00";"India";1314.35
1413;5520;"Smartwatch";2;472.23;"2022-03-10 00:00:00";"Germany";944.46
1731;5521;"Smartphone";10;486.31;"2022-01-30 00:00:00";"India";4863.1
1053;5522;"Keyboard";1;351.15;"2022-07-29 00:00:00";"UK";351.15
1665;5523;"Mouse";8;266.51;"2022-03-16 00:00:00";"Japan";2132.08
1181;5524;"Smartphone";9;117.72;"2022-12-02 00:00:00";"Canada";1059.48
1883;5525;"Tablet";8;138.1;"2022-03-06 00:00:00";"Australia";1104.8
1856;5526;"Gaming Console";1;337.41;"2022-03-17 00:00:00";"Canada";337.41
1883;5527;"Headphones";8;476.21;"2022-05-17 00:00:00";"Germany";3809.68
1141;5528;"Headphones";10;355.07;"2022-07-01 00:00:00";"Australia";3550.7
1187;5529;"Headphones";4;52.6;"2022-04-29 00:00:00";"India";210.4
1189;5530;"Headphones";7;229.16;"2022-08-12 00:00:00";"France";1604.12
1407;5531;"Headphones";10;441.37;"2022-06-29 00:00:00";"France";4413.7
1031;5532;"Smartphone";6;222.3;"2022-07-31 00:00:00";"India";1333.8
1909;5533;"Laptop";8;437.67;"2022-12-30 00:00:00";"UK";3501.36
1049;5534;"Laptop";10;97.62;"2022-04-07 00:00:00";"France";976.2
1524;5535;"Monitor";5;340.41;"2022-05-04 00:00:00";"Japan";1702.05
1866;5536;"Mouse";1;121.58;"2022-11-23 00:00:00";"Canada";121.58
1821;5537;"Mouse";9;96.43;"2022-04-11 00:00:00";"USA";867.87
1716;5538;"Printer";4;287.99;"2022-06-03 00:00:00";"France";1151.96
1894;5539;"Smartphone";8;251.34;"2022-02-10 00:00:00";"Canada";2010.72
1544;5540;"Keyboard";5;260.63;"2022-12-21 00:00:00";"USA";1303.15
1154;5541;"Gaming Console";8;315.25;"2022-09-16 00:00:00";"Australia";2522.0
1710;5542;"Smartwatch";2;318.7;"2022-02-24 00:00:00";"Germany";637.4
1385;5543;"Tablet";1;402.77;"2022-11-15 00:00:00";"Germany";402.77
1327;5544;"Gaming Console";4;127.82;"2022-07-20 00:00:00";"Germany";511.28
1776;5545;"Smartphone";7;121.12;"2022-02-11 00:00:00";"Australia";847.84
1747;5546;"Gaming Console";6;107.53;"2022-08-27 00:00:00";"France";645.18
1220;5547;"Monitor";4;318.61;"2022-04-12 00:00:00";"Australia";1274.44
1700;5548;"Tablet";1;223.77;"2022-10-21 00:00:00";"UK";223.77
1935;5549;"Laptop";9;91.52;"2022-11-03 00:00:00";"UK";823.68
1269;5550;"Printer";3;14.03;"2022-10-22 00:00:00";"France";42.09
1384;5551;"Mouse";9;492.58;"2022-08-12 00:00:00";"USA";4433.22
1406;5552;"Mouse";7;84.39;"2022-04-05 00:00:00";"UK";590.73
1500;5553;"Smartphone";4;294.5;"2022-10-01 00:00:00";"USA";1178.0
1119;5554;"Headphones";9;317.12;"2022-05-07 00:00:00";"Canada";2854.08
1260;5555;"Laptop";7;190.76;"2022-02-04 00:00:00";"UK";1335.32
1764;5556;"Printer";7;381.02;"2022-05-02 00:00:00";"Australia";2667.14
1978;5557;"Monitor";3;301.35;"2022-04-17 00:00:00";"Japan";904.05
1781;5558;"Tablet";1;34.98;"2022-07-10 00:00:00";"India";34.98
1819;5559;"Monitor";5;95.73;"2022-02-10 00:00:00";"Germany";478.65
1046;5560;"Mouse";10;417.76;"2022-11-11 00:00:00";"Australia";4177.6
1611;5561;"Printer";3;165.83;"2022-02-07 00:00:00";"UK";497.49
1824;5562;"Smartwatch";2;488.04;"2022-01-13 00:00:00";"France";976.08
1764;5563;"Headphones";4;365.8;"2022-04-05 00:00:00";"Germany";1463.2
1581;5564;"Printer";9;286.3;"2022-08-12 00:00:00";"Germany";2576.7
1693;5565;"Gaming Console";4;279.72;"2022-10-24 00:00:00";"UK";1118.88
1673;5566;"Tablet";8;73.15;"2022-02-15 00:00:00";"USA";585.2
1670;5567;"Mouse";5;194.95;"2022-05-08 00:00:00";"USA";974.75
1358;5568;"Gaming Console";7;324.58;"2022-09-10 00:00:00";"Australia";2272.06
1602;5569;"Laptop";1;295.92;"2022-05-22 00:00:00";"Canada";295.92
1483;5570;"Printer";4;143.8;"2022-03-21 00:00:00";"Japan";575.2
1663;5571;"Keyboard";1;255.14;"2022-07-02 00:00:00";"Germany";255.14
1789;5572;"Printer";3;203.46;"2022-07-15 00:00:00";"Canada";610.38
1131;5573;"Smartwatch";10;94.64;"2022-05-06 00:00:00";"USA";946.4
1931;5574;"Printer";1;432.12;"2022-04-07 00:00:00";"Australia";432.12
1163;5575;"Gaming Console";4;359.09;"2022-05-07 00:00:00";"France";1436.36
1142;5576;"Tablet";6;364.72;"2022-04-02 00:00:00";"USA";2188.32
1135;5577;"Smartwatch";10;143.62;"2022-04-19 00:00:00";"Germany";1436.2
1658;5578;"Gaming Console";10;123.54;"2022-08-08 00:00:00";"UK";1235.4
1254;5579;"Keyboard";6;249.16;"2022-08-05 00:00:00";"Germany";1494.96
1851;5580;"Smartwatch";3;51.64;"2022-04-18 00:00:00";"India";154.92
1416;5581;"Smartwatch";7;200.45;"2022-12-18 00:00:00";"India";1403.15
1702;5582;"Mouse";2;354.74;"2022-04-23 00:00:00";"UK";709.48
1311;5583;"Laptop";1;459.08;"2022-12-31 00:00:00";"Germany";459.08
1005;5584;"Mouse";6;124.03;"2022-04-05 00:00:00";"Japan";744.18
1202;5585;"Tablet";5;312.39;"2022-04-09 00:00:00";"France";1561.95
1788;5586;"Headphones";8;159.43;"2022-11-12 00:00:00";"Canada";1275.44
1658;5587;"Keyboard";4;276.23;"2022-01-05 00:00:00";"UK";1104.92
1824;5588;"Laptop";6;349.68;"2022-12-13 00:00:00";"Australia";2098.08
1456;5589;"Mouse";1;252.26;"2022-10-31 00:00:00";"Germany";252.26
1665;5590;"Monitor";10;271.89;"2022-08-05 00:00:00";"Germany";2718.9
1660;5591;"Smartwatch";9;354.2;"2022-06-28 00:00:00";"France";3187.8
1235;5592;"Laptop";9;349.62;"2022-03-21 00:00:00";"Germany";3146.58
1087;5593;"Monitor";9;110.81;"2022-08-12 00:00:00";"Canada";997.29
1983;5594;"Gaming Console";9;21.05;"2022-06-22 00:00:00";"Japan";189.45
1190;5595;"Headphones";1;250.98;"2022-01-25 00:00:00";"UK";250.98
1533;5596;"Smartwatch";10;287.17;"2022-12-04 00:00:00";"UK";2871.7
1633;5597;"Keyboard";6;442.85;"2022-05-10 00:00:00";"Japan";2657.1
1052;5598;"Headphones";5;128.96;"2022-08-16 00:00:00";"UK";644.8
1552;5599;"Headphones";2;277.62;"2022-09-20 00:00:00";"France";555.24
1330;5600;"Smartwatch";5;272.5;"2022-05-10 00:00:00";"Australia";1362.5
1719;5601;"Monitor";5;313.23;"2022-07-01 00:00:00";"UK";1566.15
1652;5602;"Keyboard";3;424.68;"2022-02-17 00:00:00";"Japan";1274.04
1866;5603;"Smartwatch";2;162.94;"2022-08-09 00:00:00";"Canada";325.88
1468;5604;"Laptop";1;14.78;"2022-07-26 00:00:00";"UK";14.78
1894;5605;"Mouse";4;159.61;"2022-06-07 00:00:00";"France";638.44
1382;5606;"Tablet";5;54.44;"2022-02-10 00:00:00";"Japan";272.2
1898;5607;"Keyboard";8;56.34;"2022-10-11 00:00:00";"USA";450.72
1031;5608;"Monitor";8;358.49;"2022-08-16 00:00:00";"Canada";2867.92
1007;5609;"Monitor";8;169.68;"2022-07-15 00:00:00";"UK";1357.44
1344;5610;"Printer";7;339.78;"2022-05-01 00:00:00";"Japan";2378.46
1103;5611;"Headphones";3;237.79;"2022-08-15 00:00:00";"Japan";713.37
1745;5612;"Keyboard";5;24.57;"2022-03-17 00:00:00";"Australia";122.85
1062;5613;"Headphones";6;452.67;"2022-02-01 00:00:00";"Canada";2716.02
1877;5614;"Smartphone";4;421.53;"2022-01-17 00:00:00";"France";1686.12
1433;5615;"Gaming Console";5;5.51;"2022-10-08 00:00:00";"France";27.55
1497;5616;"Printer";1;373.66;"2022-03-02 00:00:00";"Australia";373.66
1632;5617;"Smartwatch";4;295.74;"2022-06-04 00:00:00";"UK";1182.96
1393;5618;"Keyboard";2;187.67;"2022-09-03 00:00:00";"Canada";375.34
1373;5619;"Keyboard";5;100.77;"2022-05-25 00:00:00";"Japan";503.85
1363;5620;"Mouse";10;291.85;"2022-11-27 00:00:00";"France";2918.5
1213;5621;"Printer";7;169.11;"2022-11-26 00:00:00";"Germany";1183.77
1359;5622;"Smartphone";5;267.83;"2022-04-20 00:00:00";"Germany";1339.15
1639;5623;"Smartwatch";5;99.05;"2022-08-01 00:00:00";"France";495.25
1167;5624;"Headphones";8;361.58;"2022-04-06 00:00:00";"Japan";2892.64
1421;5625;"Headphones";6;277.72;"2022-11-01 00:00:00";"Japan";1666.32
1924;5626;"Headphones";6;17.41;"2022-03-21 00:00:00";"UK";104.46
1245;5627;"Smartphone";6;222.58;"2022-09-27 00:00:00";"Australia";1335.48
1362;5628;"Printer";4;94.92;"2022-11-28 00:00:00";"Japan";379.68
1494;5629;"Smartphone";7;236.85;"2022-10-19 00:00:00";"Canada";1657.95
1400;5630;"Laptop";10;463.71;"2022-01-01 00:00:00";"USA";4637.1
1687;5631;"Gaming Console";4;499.59;"2022-05-29 00:00:00";"India";1998.36
1047;5632;"Monitor";1;490.24;"2022-11-22 00:00:00";"UK";490.24
1609;5633;"Monitor";9;66.02;"2022-12-17 00:00:00";"USA";594.18
1221;5634;"Mouse";8;119.39;"2022-03-26 00:00:00";"UK";955.12
1699;5635;"Printer";2;258.3;"2022-02-27 00:00:00";"USA";516.6
1612;5636;"Headphones";3;414.99;"2022-03-26 00:00:00";"Japan";1244.97
1571;5637;"Gaming Console";3;213.36;"2022-02-28 00:00:00";"France";640.08
1555;5638;"Laptop";3;474.32;"2022-11-23 00:00:00";"India";1422.96
1095;5639;"Printer";4;146.78;"2022-07-27 00:00:00";"France";587.12
1740;5640;"Gaming Console";5;482.46;"2022-10-13 00:00:00";"India";2412.3
1900;5641;"Keyboard";3;18.15;"2022-05-25 00:00:00";"India";54.45
1030;5642;"Mouse";5;400.17;"2022-04-02 00:00:00";"USA";2000.85
1180;5643;"Mouse";9;156.77;"2022-07-28 00:00:00";"Canada";1410.93
1332;5644;"Mouse";8;473.01;"2022-05-17 00:00:00";"USA";3784.08
1353;5645;"Monitor";10;280.87;"2022-03-03 00:00:00";"Australia";2808.7
1696;5646;"Headphones";4;394.0;"2022-11-19 00:00:00";"Japan";1576.0
1888;5647;"Smartphone";5;176.82;"2022-08-08 00:00:00";"USA";884.1
1017;5648;"Laptop";3;418.79;"2022-06-07 00:00:00";"Australia";1256.37
1790;5649;"Monitor";3;18.9;"2022-07-23 00:00:00";"UK";56.7
1374;5650;"Smartphone";2;160.8;"2022-05-30 00:00:00";"UK";321.6
1463;5651;"Gaming Console";6;488.62;"2022-04-30 00:00:00";"Canada";2931.72
1510;5652;"Tablet";10;272.74;"2022-07-25 00:00:00";"USA";2727.4
1096;5653;"Keyboard";5;359.09;"2022-04-03 00:00:00";"Germany";1795.45
1340;5654;"Tablet";7;487.83;"2022-10-19 00:00:00";"Australia";3414.81
1348;5655;"Printer";5;129.8;"2022-01-29 00:00:00";"UK";649.0
1360;5656;"Keyboard";5;8.84;"2022-06-25 00:00:00";"France";44.2
1338;5657;"Smartwatch";6;420.81;"2022-05-15 00:00:00";"Germany";2524.86
1352;5658;"Gaming Console";1;170.79;"2022-12-17 00:00:00";"Germany";170.79
1170;5659;"Gaming Console";9;101.56;"2022-01-31 00:00:00";"Germany";914.04
1842;5660;"Mouse";4;359.59;"2022-12-01 00:00:00";"UK";1438.36
1414;5661;"Tablet";7;189.04;"2022-09-28 00:00:00";"Australia";1323.28
1545;5662;"Monitor";9;420.9;"2022-01-28 00:00:00";"Japan";3788.1
1408;5663;"Tablet";2;81.28;"2022-12-11 00:00:00";"Japan";162.56
1546;5664;"Printer";6;384.58;"2022-05-10 00:00:00";"USA";2307.48
1966;5665;"Headphones";7;171.45;"2022-03-26 00:00:00";"India";1200.15
1979;5666;"Smartphone";6;276.04;"2022-03-11 00:00:00";"Australia";1656.24
1185;5667;"Smartphone";9;274.77;"2022-10-10 00:00:00";"USA";2472.93
1070;5668;"Printer";6;136.21;"2022-04-10 00:00:00";"UK";817.26
1287;5669;"Monitor";2;144.17;"2022-01-31 00:00:00";"Canada";288.34
1776;5670;"Smartphone";6;263.72;"2022-10-16 00:00:00";"Australia";1582.32
1610;5671;"Gaming Console";6;434.44;"2022-04-05 00:00:00";"UK";2606.64
1582;5672;"Smartphone";1;399.28;"2022-04-06 00:00:00";"USA";399.28
1266;5673;"Gaming Console";1;385.29;"2022-05-10 00:00:00";"Japan";385.29
1359;5674;"Mouse";1;461.34;"2022-08-24 00:00:00";"USA";461.34
1215;5675;"Headphones";5;236.24;"2022-02-23 00:00:00";"India";1181.2
1707;5676;"Headphones";8;219.21;"2022-11-15 00:00:00";"Japan";1753.68
1421;5677;"Printer";4;152.09;"2022-03-01 00:00:00";"India";608.36
1708;5678;"Gaming Console";1;465.31;"2022-08-28 00:00:00";"Germany";465.31
1972;5679;"Gaming Console";5;184.78;"2022-11-09 00:00:00";"Australia";923.9
1846;5680;"Headphones";8;379.73;"2022-12-01 00:00:00";"Germany";3037.84
1840;5681;"Laptop";5;424.45;"2022-11-14 00:00:00";"Germany";2122.25
1961;5682;"Keyboard";4;291.53;"2022-05-25 00:00:00";"UK";1166.12
1212;5683;"Laptop";3;218.59;"2022-01-29 00:00:00";"France";655.77
1664;5684;"Printer";8;191.65;"2022-12-25 00:00:00";"UK";1533.2
1845;5685;"Laptop";7;219.61;"2022-01-09 00:00:00";"Canada";1537.27
1787;5686;"Laptop";9;183.27;"2022-04-25 00:00:00";"Japan";1649.43
1245;5687;"Smartwatch";10;101.59;"2022-10-29 00:00:00";"Australia";1015.9
1378;5688;"Smartwatch";10;296.55;"2022-09-06 00:00:00";"Japan";2965.5
1772;5689;"Smartwatch";5;86.58;"2022-01-28 00:00:00";"Australia";432.9
1869;5690;"Monitor";6;390.56;"2022-06-16 00:00:00";"USA";2343.36
1884;5691;"Smartphone";6;397.74;"2022-05-30 00:00:00";"France";2386.44
1958;5692;"Keyboard";1;277.86;"2022-02-16 00:00:00";"Japan";277.86
1494;5693;"Laptop";5;104.4;"2022-11-24 00:00:00";"Japan";522.0
1542;5694;"Printer";5;253.36;"2022-12-20 00:00:00";"Germany";1266.8
1463;5695;"Smartphone";10;181.47;"2022-03-24 00:00:00";"Canada";1814.7
1221;5696;"Monitor";1;235.94;"2022-04-15 00:00:00";"USA";235.94
1880;5697;"Tablet";6;484.96;"2022-09-14 00:00:00";"France";2909.76
1274;5698;"Smartphone";2;477.59;"2022-02-04 00:00:00";"USA";955.18
1447;5699;"Printer";7;216.49;"2022-09-22 00:00:00";"Germany";1515.43
1841;5700;"Smartwatch";4;54.26;"2022-08-04 00:00:00";"Australia";217.04
1027;5701;"Printer";1;394.61;"2022-08-12 00:00:00";"UK";394.61
1404;5702;"Monitor";8;45.19;"2022-10-04 00:00:00";"Japan";361.52
1836;5703;"Smartwatch";8;162.06;"2022-05-02 00:00:00";"Japan";1296.48
1163;5704;"Smartphone";6;155.73;"2022-03-29 00:00:00";"USA";934.38
1915;5705;"Tablet";7;401.85;"2022-04-27 00:00:00";"Canada";2812.95
1331;5706;"Headphones";9;295.67;"2022-06-09 00:00:00";"France";2661.03
1573;5707;"Laptop";5;233.08;"2022-09-23 00:00:00";"Canada";1165.4
1312;5708;"Tablet";7;268.15;"2022-10-30 00:00:00";"France";1877.05
1580;5709;"Smartwatch";5;132.7;"2022-04-23 00:00:00";"France";663.5
1385;5710;"Monitor";5;461.24;"2022-06-29 00:00:00";"Germany";2306.2
1111;5711;"Laptop";8;266.85;"2022-01-06 00:00:00";"Canada";2134.8
1312;5712;"Keyboard";9;57.09;"2022-04-12 00:00:00";"France";513.81
1973;5713;"Laptop";4;79.51;"2022-12-29 00:00:00";"Canada";318.04
1948;5714;"Headphones";8;492.04;"2022-10-22 00:00:00";"India";3936.32
1775;5715;"Printer";8;20.76;"2022-09-12 00:00:00";"India";166.08
1352;5716;"Tablet";8;431.96;"2022-01-16 00:00:00";"UK";3455.68
1165;5717;"Smartwatch";1;169.54;"2022-04-11 00:00:00";"Japan";169.54
1504;5718;"Monitor";8;330.33;"2022-04-26 00:00:00";"Australia";2642.64
1998;5719;"Gaming Console";3;398.4;"2022-11-20 00:00:00";"Japan";1195.2
1256;5720;"Printer";10;7.09;"2022-05-29 00:00:00";"Australia";70.9
1592;5721;"Headphones";4;334.72;"2022-10-11 00:00:00";"UK";1338.88
1960;5722;"Monitor";7;133.79;"2022-12-02 00:00:00";"Australia";936.53
1898;5723;"Smartwatch";7;470.33;"2022-01-30 00:00:00";"Germany";3292.31
1382;5724;"Tablet";3;345.19;"2022-04-09 00:00:00";"Canada";1035.57
1992;5725;"Printer";10;204.48;"2022-01-30 00:00:00";"Australia";2044.8
1389;5726;"Headphones";10;239.48;"2022-05-23 00:00:00";"USA";2394.8
1726;5727;"Mouse";7;153.13;"2022-08-18 00:00:00";"India";1071.91
1338;5728;"Monitor";4;244.22;"2022-12-02 00:00:00";"Canada";976.88
1128;5729;"Smartphone";6;10.73;"2022-09-19 00:00:00";"UK";64.38
1307;5730;"Smartphone";10;421.18;"2022-03-05 00:00:00";"India";4211.8
1046;5731;"Gaming Console";10;61.36;"2022-04-10 00:00:00";"India";613.6
1474;5732;"Printer";9;89.86;"2022-04-28 00:00:00";"UK";808.74
1001;5733;"Mouse";5;392.9;"2022-11-01 00:00:00";"USA";1964.5
1129;5734;"Smartwatch";3;138.45;"2022-08-04 00:00:00";"Japan";415.35
1665;5735;"Gaming Console";4;155.49;"2022-07-30 00:00:00";"Canada";621.96
1247;5736;"Gaming Console";4;114.17;"2022-11-24 00:00:00";"Canada";456.68
1528;5737;"Printer";7;330.75;"2022-12-17 00:00:00";"Germany";2315.25
1320;5738;"Monitor";2;424.46;"2022-04-20 00:00:00";"UK";848.92
1161;5739;"Keyboard";2;490.3;"2022-09-16 00:00:00";"USA";980.6
1332;5740;"Printer";1;409.15;"2022-01-22 00:00:00";"USA";409.15
1980;5741;"Mouse";5;52.6;"2022-11-09 00:00:00";"UK";263.0
1092;5742;"Keyboard";10;186.01;"2022-08-26 00:00:00";"France";1860.1
1171;5743;"Keyboard";8;447.44;"2022-04-22 00:00:00";"UK";3579.52
1378;5744;"Headphones";10;489.24;"2022-04-16 00:00:00";"Japan";4892.4
1035;5745;"Smartwatch";9;65.85;"2022-04-11 00:00:00";"France";592.65
1520;5746;"Smartwatch";5;45.77;"2022-02-11 00:00:00";"Germany";228.85
1703;5747;"Gaming Console";3;241.81;"2022-11-02 00:00:00";"France";725.43
1539;5748;"Headphones";7;197.15;"2022-05-14 00:00:00";"Japan";1380.05
1454;5749;"Headphones";3;176.56;"2022-06-04 00:00:00";"UK";529.68
1432;5750;"Laptop";7;281.23;"2022-06-11 00:00:00";"Germany";1968.61
1345;5751;"Headphones";4;376.65;"2022-08-29 00:00:00";"Japan";1506.6
1705;5752;"Printer";7;149.16;"2022-12-12 00:00:00";"India";1044.12
1784;5753;"Mouse";2;232.87;"2022-04-24 00:00:00";"Canada";465.74
1370;5754;"Mouse";7;78.29;"2022-09-30 00:00:00";"Japan";548.03
1407;5755;"Smartphone";2;277.38;"2022-09-13 00:00:00";"UK";554.76
1291;5756;"Gaming Console";1;332.19;"2022-10-12 00:00:00";"Japan";332.19
1260;5757;"Smartwatch";4;243.72;"2022-05-23 00:00:00";"India";974.88
1438;5758;"Monitor";3;34.15;"2022-04-07 00:00:00";"Australia";102.45
1544;5759;"Keyboard";6;212.08;"2022-02-14 00:00:00";"UK";1272.48
1228;5760;"Laptop";7;123.79;"2022-11-29 00:00:00";"Germany";866.53
1459;5761;"Mouse";10;75.3;"2022-12-20 00:00:00";"India";753.0
1404;5762;"Printer";8;368.9;"2022-06-15 00:00:00";"Japan";2951.2
1565;5763;"Gaming Console";5;485.65;"2022-03-02 00:00:00";"France";2428.25
1197;5764;"Mouse";2;340.05;"2022-09-07 00:00:00";"Canada";680.1
1123;5765;"Printer";8;264.44;"2022-09-03 00:00:00";"Australia";2115.52
1235;5766;"Smartwatch";4;78.32;"2022-07-06 00:00:00";"USA";313.28
1439;5767;"Tablet";1;317.06;"2022-10-02 00:00:00";"India";317.06
1076;5768;"Monitor";2;181.9;"2022-10-30 00:00:00";"France";363.8
1783;5769;"Laptop";4;9.97;"2022-12-18 00:00:00";"Germany";39.88
1398;5770;"Tablet";5;133.2;"2022-06-01 00:00:00";"UK";666.0
1735;5771;"Headphones";2;228.7;"2022-07-30 00:00:00";"Canada";457.4
1017;5772;"Printer";2;446.79;"2022-11-15 00:00:00";"India";893.58
1497;5773;"Keyboard";1;103.59;"2022-06-16 00:00:00";"Canada";103.59
1539;5774;"Mouse";2;80.4;"2022-12-06 00:00:00";"Canada";160.8
1511;5775;"Printer";7;9.18;"2022-05-08 00:00:00";"USA";64.26
1066;5776;"Monitor";3;328.85;"2022-12-31 00:00:00";"Canada";986.55
1830;5777;"Monitor";2;51.77;"2022-03-20 00:00:00";"UK";103.54
1904;5778;"Printer";10;335.0;"2022-06-24 00:00:00";"Germany";3350.0
1254;5779;"Smartwatch";2;50.43;"2022-06-16 00:00:00";"Japan";100.86
1626;5780;"Smartwatch";7;471.94;"2022-05-07 00:00:00";"Australia";3303.58
1679;5781;"Smartwatch";8;329.46;"2022-09-20 00:00:00";"Germany";2635.68
1213;5782;"Keyboard";10;99.03;"2022-09-30 00:00:00";"Australia";990.3
1464;5783;"Printer";6;44.68;"2022-09-23 00:00:00";"Australia";268.08
1313;5784;"Monitor";5;451.64;"2022-04-08 00:00:00";"Australia";2258.2
1250;5785;"Printer";1;29.4;"2022-01-18 00:00:00";"France";29.4
1008;5786;"Printer";9;389.56;"2022-10-10 00:00:00";"India";3506.04
1499;5787;"Tablet";1;488.77;"2022-11-30 00:00:00";"Australia";488.77
1362;5788;"Keyboard";6;442.75;"2022-08-19 00:00:00";"Germany";2656.5
1703;5789;"Mouse";8;319.26;"2022-10-13 00:00:00";"Japan";2554.08
1929;5790;"Smartwatch";10;329.58;"2022-05-17 00:00:00";"Australia";3295.8
1497;5791;"Smartwatch";3;230.55;"2022-06-20 00:00:00";"France";691.65
1998;5792;"Smartphone";9;94.2;"2022-04-29 00:00:00";"Japan";847.8
1764;5793;"Monitor";7;240.8;"2022-05-10 00:00:00";"USA";1685.6
1503;5794;"Printer";3;429.93;"2022-09-14 00:00:00";"UK";1289.79
1672;5795;"Tablet";8;372.3;"2022-10-06 00:00:00";"Japan";2978.4
1480;5796;"Mouse";9;162.04;"2022-01-28 00:00:00";"Japan";1458.36
1452;5797;"Headphones";9;406.02;"2022-03-20 00:00:00";"Japan";3654.18
1026;5798;"Monitor";7;13.22;"2022-08-09 00:00:00";"Germany";92.54
1773;5799;"Mouse";5;497.27;"2022-04-07 00:00:00";"France";2486.35
1668;5800;"Smartphone";2;190.55;"2022-02-26 00:00:00";"Australia";381.1
1736;5801;"Tablet";5;135.83;"2022-08-04 00:00:00";"Japan";679.15
1602;5802;"Smartphone";10;444.29;"2022-04-25 00:00:00";"Japan";4442.9
1686;5803;"Tablet";8;233.31;"2022-11-09 00:00:00";"Australia";1866.48
1398;5804;"Smartphone";2;456.04;"2022-01-05 00:00:00";"Canada";912.08
1086;5805;"Headphones";10;89.68;"2022-10-07 00:00:00";"Japan";896.8
1711;5806;"Headphones";4;145.97;"2022-05-10 00:00:00";"Japan";583.88
1654;5807;"Gaming Console";7;176.13;"2022-07-12 00:00:00";"Germany";1232.91
1615;5808;"Keyboard";4;116.83;"2022-03-06 00:00:00";"Germany";467.32
1317;5809;"Monitor";4;257.24;"2022-10-23 00:00:00";"Japan";1028.96
1017;5810;"Smartwatch";10;48.16;"2022-12-29 00:00:00";"USA";481.6
1348;5811;"Mouse";8;62.85;"2022-09-09 00:00:00";"Canada";502.8
1562;5812;"Smartwatch";2;489.23;"2022-05-16 00:00:00";"Japan";978.46
1304;5813;"Printer";10;468.7;"2022-03-20 00:00:00";"Australia";4687.0
1500;5814;"Tablet";10;362.8;"2022-11-09 00:00:00";"UK";3628.0
1834;5815;"Tablet";10;57.86;"2022-05-08 00:00:00";"India";578.6
1252;5816;"Headphones";10;310.05;"2022-10-05 00:00:00";"Australia";3100.5
1938;5817;"Smartwatch";9;227.7;"2022-06-27 00:00:00";"UK";2049.3
1485;5818;"Keyboard";1;292.74;"2022-02-08 00:00:00";"Australia";292.74
1224;5819;"Smartphone";7;215.48;"2022-04-23 00:00:00";"France";1508.36
1669;5820;"Gaming Console";7;244.38;"2022-04-26 00:00:00";"Japan";1710.66
1497;5821;"Monitor";1;332.21;"2022-03-16 00:00:00";"UK";332.21
1276;5822;"Mouse";5;339.37;"2022-04-19 00:00:00";"USA";1696.85
1298;5823;"Mouse";9;6.52;"2022-09-28 00:00:00";"UK";58.68
1633;5824;"Smartwatch";10;322.28;"2022-05-04 00:00:00";"India";3222.8
1624;5825;"Gaming Console";8;225.85;"2022-11-19 00:00:00";"Australia";1806.8
1280;5826;"Headphones";8;151.63;"2022-10-19 00:00:00";"France";1213.04
1903;5827;"Smartphone";1;68.55;"2022-04-07 00:00:00";"India";68.55
1729;5828;"Printer";10;404.23;"2022-08-23 00:00:00";"Canada";4042.3
1947;5829;"Gaming Console";7;190.56;"2022-10-23 00:00:00";"Germany";1333.92
1230;5830;"Tablet";9;10.05;"2022-10-27 00:00:00";"Canada";90.45
1361;5831;"Printer";3;402.71;"2022-05-31 00:00:00";"Japan";1208.13
1718;5832;"Headphones";4;437.05;"2022-05-30 00:00:00";"India";1748.2
1050;5833;"Tablet";7;291.78;"2022-06-11 00:00:00";"Japan";2042.46
1155;5834;"Smartphone";5;360.1;"2022-11-23 00:00:00";"Australia";1800.5
1731;5835;"Smartphone";7;422.97;"2022-02-16 00:00:00";"UK";2960.79
1016;5836;"Tablet";8;258.08;"2022-07-08 00:00:00";"Australia";2064.64
1819;5837;"Smartphone";3;274.94;"2022-06-25 00:00:00";"UK";824.82
1675;5838;"Smartwatch";4;329.29;"2022-07-27 00:00:00";"Canada";1317.16
1319;5839;"Smartwatch";4;27.14;"2022-10-05 00:00:00";"Canada";108.56
1855;5840;"Tablet";10;106.14;"2022-08-26 00:00:00";"India";1061.4
1518;5841;"Smartphone";2;38.7;"2022-08-04 00:00:00";"UK";77.4
1691;5842;"Printer";6;220.88;"2022-09-09 00:00:00";"France";1325.28
1772;5843;"Monitor";9;59.7;"2022-05-15 00:00:00";"France";537.3
1626;5844;"Headphones";5;56.57;"2022-11-25 00:00:00";"Japan";282.85
1399;5845;"Laptop";6;432.09;"2022-03-30 00:00:00";"UK";2592.54
1775;5846;"Mouse";8;218.92;"2022-05-19 00:00:00";"Japan";1751.36
1913;5847;"Laptop";3;461.23;"2022-09-15 00:00:00";"Australia";1383.69
1013;5848;"Mouse";9;217.9;"2022-11-09 00:00:00";"Australia";1961.1
1898;5849;"Smartwatch";3;23.56;"2022-04-19 00:00:00";"France";70.68
1183;5850;"Tablet";7;137.07;"2022-03-22 00:00:00";"Canada";959.49
1991;5851;"Printer";8;350.36;"2022-10-07 00:00:00";"USA";2802.88
1606;5852;"Smartwatch";10;33.84;"2022-07-03 00:00:00";"Germany";338.4
1833;5853;"Laptop";5;258.55;"2022-12-10 00:00:00";"USA";1292.75
1899;5854;"Smartphone";8;59.77;"2022-09-05 00:00:00";"France";478.16
1090;5855;"Smartwatch";9;25.81;"2022-01-16 00:00:00";"France";232.29
1055;5856;"Monitor";7;109.01;"2022-06-17 00:00:00";"Australia";763.07
1411;5857;"Monitor";4;446.89;"2022-05-08 00:00:00";"Japan";1787.56
1966;5858;"Keyboard";10;324.62;"2022-11-17 00:00:00";"France";3246.2
1112;5859;"Mouse";4;50.38;"2022-06-02 00:00:00";"UK";201.52
1222;5860;"Tablet";6;449.33;"2022-11-26 00:00:00";"USA";2695.98
1974;5861;"Smartwatch";5;144.37;"2022-03-11 00:00:00";"UK";721.85
1365;5862;"Tablet";7;291.01;"2022-12-08 00:00:00";"Japan";2037.07
1963;5863;"Printer";8;356.99;"2022-03-23 00:00:00";"Japan";2855.92
1709;5864;"Mouse";6;275.96;"2022-07-15 00:00:00";"India";1655.76
1037;5865;"Printer";7;114.25;"2022-09-28 00:00:00";"USA";799.75
1447;5866;"Monitor";10;23.09;"2022-10-02 00:00:00";"UK";230.9
1556;5867;"Tablet";6;248.6;"2022-10-12 00:00:00";"Japan";1491.6
1850;5868;"Laptop";6;153.87;"2022-04-10 00:00:00";"France";923.22
1954;5869;"Monitor";7;449.79;"2022-11-24 00:00:00";"Australia";3148.53
1948;5870;"Laptop";6;299.21;"2022-07-12 00:00:00";"Australia";1795.26
1995;5871;"Tablet";8;410.32;"2022-03-10 00:00:00";"India";3282.56
1739;5872;"Keyboard";2;127.39;"2022-11-03 00:00:00";"UK";254.78
1039;5873;"Gaming Console";1;381.73;"2022-07-23 00:00:00";"India";381.73
1599;5874;"Tablet";7;62.88;"2022-07-10 00:00:00";"India";440.16
1043;5875;"Mouse";7;395.3;"2022-04-08 00:00:00";"India";2767.1
1040;5876;"Smartwatch";1;130.17;"2022-05-24 00:00:00";"Germany";130.17
1769;5877;"Monitor";6;221.72;"2022-06-24 00:00:00";"India";1330.32
1409;5878;"Smartphone";7;354.27;"2022-07-07 00:00:00";"Germany";2479.89
1595;5879;"Tablet";3;464.96;"2022-11-07 00:00:00";"Canada";1394.88
1800;5880;"Mouse";6;338.84;"2022-09-04 00:00:00";"Germany";2033.04
1785;5881;"Keyboard";10;159.98;"2022-02-24 00:00:00";"France";1599.8
1497;5882;"Monitor";7;296.37;"2022-08-08 00:00:00";"Australia";2074.59
1140;5883;"Gaming Console";6;441.6;"2022-09-23 00:00:00";"USA";2649.6
1226;5884;"Tablet";6;296.02;"2022-07-18 00:00:00";"India";1776.12
1134;5885;"Headphones";6;406.07;"2022-01-30 00:00:00";"Australia";2436.42
1913;5886;"Gaming Console";4;220.74;"2022-08-01 00:00:00";"India";882.96
1611;5887;"Smartphone";4;197.89;"2022-10-24 00:00:00";"Japan";791.56
1499;5888;"Laptop";7;131.32;"2022-11-30 00:00:00";"France";919.24
1758;5889;"Tablet";1;223.99;"2022-02-18 00:00:00";"USA";223.99
1099;5890;"Smartwatch";5;241.27;"2022-11-26 00:00:00";"Germany";1206.35
1969;5891;"Laptop";3;174.23;"2022-10-21 00:00:00";"Canada";522.69
1137;5892;"Tablet";2;354.8;"2022-08-24 00:00:00";"France";709.6
1371;5893;"Smartwatch";2;147.07;"2022-04-11 00:00:00";"Australia";294.14
1279;5894;"Keyboard";10;182.66;"2022-04-13 00:00:00";"Canada";1826.6
1352;5895;"Gaming Console";4;137.04;"2022-06-01 00:00:00";"Australia";548.16
1716;5896;"Monitor";4;61.68;"2022-03-22 00:00:00";"India";246.72
1740;5897;"Smartwatch";4;469.83;"2022-01-31 00:00:00";"Japan";1879.32
1909;5898;"Headphones";8;470.89;"2022-02-05 00:00:00";"Australia";3767.12
1744;5899;"Smartwatch";8;117.46;"2022-10-17 00:00:00";"France";939.68
1104;5900;"Mouse";4;291.58;"2022-04-14 00:00:00";"India";1166.32
1577;5901;"Monitor";7;344.46;"2022-09-16 00:00:00";"USA";2411.22
1802;5902;"Keyboard";6;156.48;"2022-07-22 00:00:00";"UK";938.88
1896;5903;"Keyboard";5;442.02;"2022-04-04 00:00:00";"UK";2210.1
1014;5904;"Tablet";3;82.66;"2022-04-05 00:00:00";"Japan";247.98
1583;5905;"Smartwatch";7;332.55;"2022-12-10 00:00:00";"India";2327.85
1602;5906;"Smartwatch";5;174.22;"2022-11-10 00:00:00";"India";871.1
1007;5907;"Gaming Console";9;74.46;"2022-05-11 00:00:00";"India";670.14
1449;5908;"Gaming Console";7;179.31;"2022-12-03 00:00:00";"UK";1255.17
1963;5909;"Smartwatch";3;446.87;"2022-10-27 00:00:00";"Australia";1340.61
1542;5910;"Tablet";5;101.34;"2022-12-22 00:00:00";"France";506.7
1273;5911;"Tablet";6;152.5;"2022-04-22 00:00:00";"Australia";915.0
1525;5912;"Smartwatch";3;300.57;"2022-05-03 00:00:00";"Australia";901.71
1223;5913;"Mouse";5;463.55;"2022-07-30 00:00:00";"UK";2317.75
1504;5914;"Smartphone";9;484.97;"2022-08-04 00:00:00";"Australia";4364.73
1934;5915;"Gaming Console";9;14.91;"2022-10-06 00:00:00";"India";134.19
1016;5916;"Printer";2;418.45;"2022-05-26 00:00:00";"India";836.9
1476;5917;"Tablet";3;147.89;"2022-01-15 00:00:00";"France";443.67
1187;5918;"Mouse";8;91.3;"2022-06-22 00:00:00";"France";730.4
1147;5919;"Tablet";8;245.23;"2022-10-30 00:00:00";"Germany";1961.84
1738;5920;"Tablet";6;159.32;"2022-07-20 00:00:00";"France";955.92
1807;5921;"Printer";6;92.18;"2022-11-03 00:00:00";"USA";553.08
1420;5922;"Smartphone";2;105.03;"2022-07-10 00:00:00";"UK";210.06
1488;5923;"Printer";10;60.92;"2022-06-14 00:00:00";"India";609.2
1676;5924;"Laptop";1;314.16;"2022-11-10 00:00:00";"Germany";314.16
1607;5925;"Laptop";3;36.86;"2022-04-27 00:00:00";"France";110.58
1632;5926;"Keyboard";8;227.46;"2022-08-08 00:00:00";"Japan";1819.68
1910;5927;"Mouse";3;295.13;"2022-08-20 00:00:00";"Japan";885.39
1129;5928;"Printer";5;209.33;"2022-06-07 00:00:00";"UK";1046.65
1446;5929;"Printer";7;224.61;"2022-01-10 00:00:00";"India";1572.27
1324;5930;"Mouse";10;210.59;"2022-06-01 00:00:00";"India";2105.9
1915;5931;"Tablet";5;468.94;"2022-11-26 00:00:00";"Australia";2344.7
1593;5932;"Mouse";5;106.08;"2022-08-22 00:00:00";"India";530.4
1820;5933;"Smartwatch";2;108.47;"2022-06-26 00:00:00";"France";216.94
1334;5934;"Monitor";6;339.84;"2022-02-25 00:00:00";"India";2039.04
1600;5935;"Tablet";9;142.7;"2022-04-02 00:00:00";"Germany";1284.3
1704;5936;"Laptop";9;106.72;"2022-04-08 00:00:00";"Canada";960.48
1055;5937;"Printer";5;242.57;"2022-06-07 00:00:00";"UK";1212.85
1891;5938;"Tablet";10;200.92;"2022-10-30 00:00:00";"USA";2009.2
1597;5939;"Laptop";6;175.95;"2022-03-22 00:00:00";"Japan";1055.7
1402;5940;"Smartwatch";5;188.66;"2022-04-03 00:00:00";"USA";943.3
1911;5941;"Keyboard";5;118.44;"2022-03-03 00:00:00";"USA";592.2
1290;5942;"Laptop";8;382.55;"2022-12-20 00:00:00";"USA";3060.4
1892;5943;"Smartwatch";4;288.36;"2022-02-09 00:00:00";"France";1153.44
1707;5944;"Laptop";9;102.19;"2022-04-28 00:00:00";"France";919.71
1991;5945;"Keyboard";1;65.64;"2022-04-04 00:00:00";"Canada";65.64
1123;5946;"Laptop";1;335.55;"2022-04-27 00:00:00";"Japan";335.55
1775;5947;"Gaming Console";9;86.12;"2022-07-23 00:00:00";"USA";775.08
1411;5948;"Headphones";7;349.9;"2022-10-17 00:00:00";"Canada";2449.3
1006;5949;"Gaming Console";2;453.76;"2022-07-26 00:00:00";"France";907.52
1899;5950;"Monitor";10;184.27;"2022-01-17 00:00:00";"India";1842.7
1502;5951;"Smartwatch";8;458.53;"2022-01-10 00:00:00";"India";3668.24
1713;5952;"Printer";9;311.96;"2022-10-02 00:00:00";"Australia";2807.64
1397;5953;"Laptop";1;163.19;"2022-06-05 00:00:00";"India";163.19
1782;5954;"Smartphone";10;486.69;"2022-05-12 00:00:00";"Germany";4866.9
1145;5955;"Smartwatch";9;244.15;"2022-07-21 00:00:00";"USA";2197.35
1722;5956;"Printer";5;411.78;"2022-07-14 00:00:00";"France";2058.9
1885;5957;"Gaming Console";4;389.43;"2022-02-08 00:00:00";"UK";1557.72
1727;5958;"Tablet";3;303.54;"2022-02-12 00:00:00";"Canada";910.62
1551;5959;"Smartphone";2;141.52;"2022-03-28 00:00:00";"Australia";283.04
1631;5960;"Keyboard";4;44.48;"2022-03-14 00:00:00";"Japan";177.92
1408;5961;"Keyboard";6;221.76;"2022-04-08 00:00:00";"France";1330.56
1209;5962;"Smartphone";5;155.4;"2022-11-18 00:00:00";"UK";777.0
1853;5963;"Smartwatch";8;136.4;"2022-12-31 00:00:00";"Australia";1091.2
1379;5964;"Monitor";5;267.79;"2022-09-14 00:00:00";"Canada";1338.95
1374;5965;"Laptop";9;110.3;"2022-03-18 00:00:00";"USA";992.7
1741;5966;"Headphones";5;290.52;"2022-08-30 00:00:00";"India";1452.6
1272;5967;"Laptop";8;187.06;"2022-09-08 00:00:00";"USA";1496.48
1897;5968;"Printer";2;86.58;"2022-01-07 00:00:00";"India";173.16
1885;5969;"Printer";2;153.9;"2022-04-19 00:00:00";"Japan";307.8
1838;5970;"Laptop";1;298.11;"2022-03-22 00:00:00";"India";298.11
1400;5971;"Mouse";2;162.15;"2022-06-18 00:00:00";"France";324.3
1214;5972;"Smartwatch";7;302.51;"2022-07-23 00:00:00";"Canada";2117.57
1816;5973;"Monitor";4;30.8;"2022-05-12 00:00:00";"India";123.2
1323;5974;"Gaming Console";6;351.62;"2022-11-02 00:00:00";"USA";2109.72
1065;5975;"Tablet";2;361.84;"2022-06-25 00:00:00";"USA";723.68
1761;5976;"Monitor";6;123.82;"2022-01-02 00:00:00";"USA";742.92
1496;5977;"Mouse";6;101.44;"2022-10-13 00:00:00";"India";608.64
1490;5978;"Printer";4;341.97;"2022-04-20 00:00:00";"Germany";1367.88
1571;5979;"Keyboard";3;13.95;"2022-06-23 00:00:00";"Germany";41.85
1844;5980;"Printer";9;218.6;"2022-04-13 00:00:00";"Australia";1967.4
1488;5981;"Smartphone";2;235.66;"2022-02-20 00:00:00";"Japan";471.32
1801;5982;"Mouse";3;37.89;"2022-03-08 00:00:00";"Germany";113.67
1258;5983;"Laptop";9;97.21;"2022-04-19 00:00:00";"Australia";874.89
1805;5984;"Smartphone";3;372.31;"2022-07-29 00:00:00";"Japan";1116.93
1928;5985;"Mouse";1;405.42;"2022-02-17 00:00:00";"USA";405.42
1070;5986;"Gaming Console";7;205.11;"2022-04-15 00:00:00";"Japan";1435.77
1043;5987;"Gaming Console";7;38.4;"2022-06-19 00:00:00";"Japan";268.8
1315;5988;"Keyboard";9;222.72;"2022-10-07 00:00:00";"Canada";2004.48
1122;5989;"Headphones";2;67.6;"2022-02-04 00:00:00";"Japan";135.2
1415;5990;"Printer";10;390.2;"2022-09-26 00:00:00";"Australia";3902.0
1824;5991;"Gaming Console";7;153.7;"2022-10-07 00:00:00";"Germany";1075.9
1928;5992;"Keyboard";4;267.42;"2022-07-16 00:00:00";"UK";1069.68
1710;5993;"Smartwatch";9;108.16;"2022-03-30 00:00:00";"Canada";973.44
1915;5994;"Smartwatch";2;351.02;"2022-08-10 00:00:00";"Germany";702.04
1907;5995;"Smartwatch";7;215.17;"2022-11-28 00:00:00";"Japan";1506.19
1081;5996;"Laptop";2;45.93;"2022-05-27 00:00:00";"Japan";91.86
1903;5997;"Laptop";3;300.15;"2022-11-08 00:00:00";"Japan";900.45
1506;5998;"Printer";6;268.08;"2022-02-14 00:00:00";"USA";1608.48
1582;5999;"Keyboard";7;471.05;"2022-11-24 00:00:00";"USA";3297.35
